27.10.2010 03:30 | Бостон Селтикс – Майами Хит | 88 : 80
27.10.2010 06:00 | Портленд Трэйл Блэйзерс – Финикс Санз | 106 : 92
27.10.2010 06:30 | Лос-Анджелес Лейкерс – Хьюстон Рокетс | 112 : 110
28.10.2010 03:00 | Нью-Джерси Нетс – Детройт Пистонс | 101 : 98
28.10.2010 03:00 | Кливленд Кавальерс – Бостон Селтикс | 95 : 87
28.10.2010 03:00 | Филадельфия Сиксерс – Майами Хит | 87 : 97
28.10.2010 03:00 | Торонто Рэпторс – Нью-Йорк Никс | 93 : 98
28.10.2010 04:00 | Нью-Орлеан Хорнетс – Милуоки Бакс | 95 : 91
28.10.2010 04:00 | Мемфис Гриззлиз – Атланта Хоукс | 104 : 119
28.10.2010 04:00 | Оклахома-Сити Тандер – Чикаго Буллз | 106 : 95
28.10.2010 04:00 | Миннесота Тимбервулвз – Сакраменто Кингз | 116 : 117
28.10.2010 04:30 | Даллас Маверикс – Шарлотт Бобкэтс | 101 : 86
28.10.2010 04:30 | Сан-Антонио Спёрс – Индиана Пэйсерс | 122 : 109
28.10.2010 05:00 | Денвер Наггетс – Юта Джаз | 110 : 88
28.10.2010 06:30 | Лос-Анджелес Клипперс – Портленд Трэйл Блэйзерс | 88 : 98
28.10.2010 06:30 | Голден Стэйт Уорриорз – Хьюстон Рокетс | 132 : 128
29.10.2010 04:00 | Орландо Мэджик – Вашингтон Уизардс | 112 : 83
29.10.2010 06:30 | Юта Джаз – Финикс Санз | 94 : 110
30.10.2010 03:00 | Шарлотт Бобкэтс – Индиана Пэйсерс | 101 : 104
30.10.2010 03:00 | Нью-Джерси Нетс – Сакраменто Кингз | 106 : 100
30.10.2010 03:00 | Филадельфия Сиксерс – Атланта Хоукс | 101 : 104
30.10.2010 03:00 | Торонто Рэпторс – Кливленд Кавальерс | 101 : 81
30.10.2010 03:30 | Бостон Селтикс – Нью-Йорк Никс | 105 : 101
30.10.2010 04:00 | Детройт Пистонс – Оклахома-Сити Тандер | 104 : 105
30.10.2010 04:00 | Миннесота Тимбервулвз – Милуоки Бакс | 96 : 85
30.10.2010 04:00 | Майами Хит – Орландо Мэджик | 96 : 70
30.10.2010 04:00 | Нью-Орлеан Хорнетс – Денвер Наггетс | 101 : 95
30.10.2010 04:30 | Даллас Маверикс – Мемфис Гриззлиз | 90 : 91
30.10.2010 06:30 | Голден Стэйт Уорриорз – Лос-Анджелес Клипперс | 109 : 91
30.10.2010 06:30 | Финикс Санз – Лос-Анджелес Лейкерс | 106 : 114
31.10.2010 02:00 | Атланта Хоукс – Вашингтон Уизардс | 99 : 95
31.10.2010 02:30 | Кливленд Кавальерс – Сакраменто Кингз | 104 : 107
31.10.2010 02:30 | Нью-Йорк Никс – Портленд Трэйл Блэйзерс | 95 : 100
31.10.2010 03:00 | Индиана Пэйсерс – Филадельфия Сиксерс | 99 : 86
31.10.2010 03:00 | Чикаго Буллз – Детройт Пистонс | 101 : 91
31.10.2010 03:00 | Мемфис Гриззлиз – Миннесота Тимбервулвз | 109 : 89
31.10.2010 03:30 | Сан-Антонио Спёрс – Нью-Орлеан Хорнетс | 90 : 99
31.10.2010 03:30 | Милуоки Бакс – Шарлотт Бобкэтс | 98 : 88
31.10.2010 03:30 | Хьюстон Рокетс – Денвер Наггетс | 94 : 107
31.10.2010 20:00 | Нью-Джерси Нетс – Майами Хит | 78 : 101
31.10.2010 22:30 | Лос-Анджелес Клипперс – Даллас Маверикс | 83 : 99
01.11.2010 02:00 | Оклахома-Сити Тандер – Юта Джаз | 99 : 120
01.11.2010 04:30 | Лос-Анджелес Лейкерс – Голден Стэйт Уорриорз | 107 : 83
02.11.2010 03:00 | Чикаго Буллз – Портленд Трэйл Блэйзерс | 110 : 98
02.11.2010 05:00 | Сакраменто Кингз – Торонто Рэпторс | 111 : 108
02.11.2010 05:30 | Лос-Анджелес Клипперс – Сан-Антонио Спёрс | 88 : 97
03.11.2010 02:00 | Кливленд Кавальерс – Атланта Хоукс | 88 : 100
03.11.2010 02:00 | Вашингтон Уизардс – Филадельфия Сиксерс | 116 : 115 ОТ
03.11.2010 02:30 | Детройт Пистонс – Бостон Селтикс | 86 : 109
03.11.2010 02:30 | Майами Хит – Миннесота Тимбервулвз | 129 : 97
03.11.2010 03:00 | Милуоки Бакс – Портленд Трэйл Блэйзерс | 76 : 90
03.11.2010 05:30 | Лос-Анджелес Лейкерс – Мемфис Гриззлиз | 124 : 105
04.11.2010 02:00 | Орландо Мэджик – Миннесота Тимбервулвз | 128 : 86
04.11.2010 02:00 | Нью-Джерси Нетс – Шарлотт Бобкэтс | 83 : 85
04.11.2010 02:00 | Атланта Хоукс – Детройт Пистонс | 94 : 85
04.11.2010 02:00 | Филадельфия Сиксерс – Индиана Пэйсерс | 101 : 75
04.11.2010 03:00 | Бостон Селтикс – Милуоки Бакс | 105 : 102 ОТ
04.11.2010 03:30 | Хьюстон Рокетс – Нью-Орлеан Хорнетс | 99 : 107
04.11.2010 04:00 | Денвер Наггетс – Даллас Маверикс | 101 : 102
04.11.2010 04:00 | Юта Джаз – Торонто Рэпторс | 125 : 108
04.11.2010 05:00 | Финикс Санз – Сан-Антонио Спёрс | 110 : 112
04.11.2010 05:30 | Голден Стэйт Уорриорз – Мемфис Гриззлиз | 115 : 109
04.11.2010 05:30 | Лос-Анджелес Клипперс – Оклахома-Сити Тандер | 107 : 92
04.11.2010 05:30 | Сакраменто Кингз – Лос-Анджелес Лейкерс | 100 : 112
05.11.2010 03:00 | Чикаго Буллз – Нью-Йорк Никс | 112 : 120
05.11.2010 05:30 | Портленд Трэйл Блэйзерс – Оклахома-Сити Тандер | 106 : 107 ОТ
06.11.2010 02:00 | Индиана Пэйсерс – Милуоки Бакс | 90 : 94
06.11.2010 02:00 | Орландо Мэджик – Нью-Джерси Нетс | 105 : 90
06.11.2010 02:00 | Филадельфия Сиксерс – Кливленд Кавальерс | 116 : 123
06.11.2010 02:30 | Нью-Йорк Никс – Вашингтон Уизардс | 112 : 91
06.11.2010 02:30 | Детройт Пистонс – Шарлотт Бобкэтс | 97 : 90
06.11.2010 03:00 | Бостон Селтикс – Чикаго Буллз | 110 : 105 ОТ
06.11.2010 03:00 | Миннесота Тимбервулвз – Атланта Хоукс | 103 : 113
06.11.2010 03:00 | Нью-Орлеан Хорнетс – Майами Хит | 96 : 93
06.11.2010 05:00 | Финикс Санз – Мемфис Гриззлиз | 123 : 118 ОТ
06.11.2010 05:30 | Денвер Наггетс – Лос-Анджелес Клипперс | 111 : 104
06.11.2010 05:30 | Голден Стэйт Уорриорз – Юта Джаз | 85 : 78
06.11.2010 05:30 | Лос-Анджелес Лейкерс – Торонто Рэпторс | 108 : 103
07.11.2010 02:00 | Вашингтон Уизардс – Кливленд Кавальерс | 102 : 107
07.11.2010 02:00 | Шарлотт Бобкэтс – Орландо Мэджик | 88 : 91
07.11.2010 02:30 | Майами Хит – Нью-Джерси Нетс | 101 : 89
07.11.2010 03:30 | Сан-Антонио Спёрс – Хьюстон Рокетс | 124 : 121 ОТ
07.11.2010 03:30 | Милуоки Бакс – Нью-Орлеан Хорнетс | 81 : 87
07.11.2010 04:00 | Юта Джаз – Лос-Анджелес Клипперс | 109 : 107 ОТ
07.11.2010 04:00 | Даллас Маверикс – Денвер Наггетс | 92 : 103
07.11.2010 05:00 | Портленд Трэйл Блэйзерс – Торонто Рэпторс | 97 : 84
07.11.2010 05:00 | Сакраменто Кингз – Мемфис Гриззлиз | 91 : 100
07.11.2010 20:00 | Нью-Йорк Никс – Филадельфия Сиксерс | 96 : 106
08.11.2010 01:00 | Атланта Хоукс – Финикс Санз | 114 : 118
08.11.2010 02:00 | Детройт Пистонс – Голден Стэйт Уорриорз | 102 : 97
08.11.2010 03:00 | Хьюстон Рокетс – Миннесота Тимбервулвз | 120 : 94
08.11.2010 03:00 | Оклахома-Сити Тандер – Бостон Селтикс | 83 : 92
08.11.2010 05:30 | Лос-Анджелес Лейкерс – Портленд Трэйл Блэйзерс | 121 : 96
09.11.2010 03:00 | Торонто Рэпторс – Голден Стэйт Уорриорз | 102 : 109
09.11.2010 03:00 | Орландо Мэджик – Атланта Хоукс | 93 : 89
09.11.2010 03:00 | Шарлотт Бобкэтс – Сан-Антонио Спёрс | 91 : 95
09.11.2010 04:00 | Мемфис Гриззлиз – Финикс Санз | 109 : 99
09.11.2010 04:00 | Чикаго Буллз – Денвер Наггетс | 94 : 92
09.11.2010 04:30 | Даллас Маверикс – Бостон Селтикс | 89 : 87
10.11.2010 03:00 | Индиана Пэйсерс – Денвер Наггетс | 144 : 113
10.11.2010 03:00 | Нью-Джерси Нетс – Кливленд Кавальерс | 91 : 93
10.11.2010 03:30 | Майами Хит – Юта Джаз | 114 : 116 ОТ
10.11.2010 04:00 | Нью-Орлеан Хорнетс – Лос-Анджелес Клипперс | 101 : 82
10.11.2010 04:00 | Милуоки Бакс – Нью-Йорк Никс | 107 : 80
10.11.2010 06:00 | Портленд Трэйл Блэйзерс – Детройт Пистонс | 100 : 78
10.11.2010 06:30 | Лос-Анджелес Лейкерс – Миннесота Тимбервулвз | 99 : 94
11.11.2010 03:00 | Вашингтон Уизардс – Хьюстон Рокетс | 98 : 91
11.11.2010 03:00 | Торонто Рэпторс – Шарлотт Бобкэтс | 96 : 101
11.11.2010 03:00 | Орландо Мэджик – Юта Джаз | 94 : 104
11.11.2010 03:00 | Атланта Хоукс – Милуоки Бакс | 91 : 108
11.11.2010 03:30 | Нью-Йорк Никс – Голден Стэйт Уорриорз | 117 : 122
11.11.2010 03:30 | Кливленд Кавальерс – Нью-Джерси Нетс | 87 : 95
11.11.2010 04:00 | Оклахома-Сити Тандер – Филадельфия Сиксерс | 109 : 103
11.11.2010 04:00 | Мемфис Гриззлиз – Даллас Маверикс | 91 : 106
11.11.2010 05:30 | Сан-Антонио Спёрс – Лос-Анджелес Клипперс | 107 : 95
11.11.2010 06:00 | Сакраменто Кингз – Миннесота Тимбервулвз | 89 : 98
12.11.2010 04:00 | Чикаго Буллз – Голден Стэйт Уорриорз | 120 : 90
12.11.2010 04:00 | Майами Хит – Бостон Селтикс | 107 : 112
12.11.2010 06:30 | Денвер Наггетс – Лос-Анджелес Лейкерс | 118 : 112
13.11.2010 03:00 | Индиана Пэйсерс – Хьюстон Рокетс | 99 : 102
13.11.2010 03:00 | Вашингтон Уизардс – Шарлотт Бобкэтс | 85 : 93
13.11.2010 03:00 | Орландо Мэджик – Торонто Рэпторс | 106 : 110
13.11.2010 03:00 | Атланта Хоукс – Юта Джаз | 86 : 90
13.11.2010 04:00 | Миннесота Тимбервулвз – Нью-Йорк Никс | 112 : 103
13.11.2010 04:30 | Даллас Маверикс – Филадельфия Сиксерс | 99 : 90
13.11.2010 05:00 | Финикс Санз – Сакраменто Кингз | 103 : 89
13.11.2010 05:30 | Оклахома-Сити Тандер – Портленд Трэйл Блэйзерс | 110 : 108
13.11.2010 06:30 | Лос-Анджелес Клипперс – Детройт Пистонс | 107 : 113 ОТ
14.11.2010 03:00 | Шарлотт Бобкэтс – Юта Джаз | 95 : 96
14.11.2010 03:00 | Нью-Джерси Нетс – Орландо Мэджик | 90 : 91
14.11.2010 03:30 | Кливленд Кавальерс – Индиана Пэйсерс | 85 : 99
14.11.2010 03:30 | Майами Хит – Торонто Рэпторс | 109 : 100
14.11.2010 04:00 | Чикаго Буллз – Вашингтон Уизардс | 103 : 96
14.11.2010 04:00 | Мемфис Гриззлиз – Бостон Селтикс | 110 : 116 ОТ
14.11.2010 04:00 | Нью-Орлеан Хорнетс – Портленд Трэйл Блэйзерс | 107 : 87
14.11.2010 04:30 | Милуоки Бакс – Голден Стэйт Уорриорз | 79 : 72
14.11.2010 04:30 | Сан-Антонио Спёрс – Филадельфия Сиксерс | 116 : 93
14.11.2010 22:00 | Атланта Хоукс – Миннесота Тимбервулвз | 111 : 105
15.11.2010 02:00 | Сакраменто Кингз – Детройт Пистонс | 94 : 100
15.11.2010 03:00 | Оклахома-Сити Тандер – Сан-Антонио Спёрс | 104 : 117
15.11.2010 03:30 | Нью-Йорк Никс – Хьюстон Рокетс | 96 : 104
15.11.2010 05:30 | Лос-Анджелес Лейкерс – Финикс Санз | 116 : 121
16.11.2010 03:00 | Шарлотт Бобкэтс – Миннесота Тимбервулвз | 113 : 110
16.11.2010 03:00 | Орландо Мэджик – Мемфис Гриззлиз | 89 : 72
16.11.2010 04:30 | Даллас Маверикс – Нью-Орлеан Хорнетс | 98 : 95
16.11.2010 05:00 | Финикс Санз – Денвер Наггетс | 100 : 94
16.11.2010 05:00 | Юта Джаз – Оклахома-Сити Тандер | 108 : 115
16.11.2010 06:30 | Голден Стэйт Уорриорз – Детройт Пистонс | 101 : 97
16.11.2010 06:30 | Лос-Анджелес Клипперс – Нью-Джерси Нетс | 96 : 110
17.11.2010 03:00 | Вашингтон Уизардс – Торонто Рэпторс | 109 : 94
17.11.2010 03:00 | Индиана Пэйсерс – Атланта Хоукс | 92 : 102
17.11.2010 03:00 | Кливленд Кавальерс – Филадельфия Сиксерс | 101 : 93
17.11.2010 04:00 | Милуоки Бакс – Лос-Анджелес Лейкерс | 107 : 118
17.11.2010 04:00 | Мемфис Гриззлиз – Портленд Трэйл Блэйзерс | 99 : 100
17.11.2010 04:30 | Хьюстон Рокетс – Чикаго Буллз | 92 : 95
17.11.2010 05:00 | Денвер Наггетс – Нью-Йорк Никс | 120 : 118
18.11.2010 03:00 | Филадельфия Сиксерс – Торонто Рэпторс | 86 : 94
18.11.2010 03:00 | Майами Хит – Финикс Санз | 123 : 96
18.11.2010 03:30 | Детройт Пистонс – Лос-Анджелес Лейкерс | 90 : 103
18.11.2010 03:30 | Бостон Селтикс – Вашингтон Уизардс | 114 : 83
18.11.2010 04:00 | Миннесота Тимбервулвз – Лос-Анджелес Клипперс | 113 : 111
18.11.2010 04:00 | Нью-Орлеан Хорнетс – Даллас Маверикс | 99 : 97
18.11.2010 04:00 | Оклахома-Сити Тандер – Хьюстон Рокетс | 116 : 99
18.11.2010 05:00 | Юта Джаз – Нью-Джерси Нетс | 98 : 88
18.11.2010 05:30 | Сан-Антонио Спёрс – Чикаго Буллз | 103 : 94
18.11.2010 06:00 | Сакраменто Кингз – Нью-Йорк Никс | 106 : 113
19.11.2010 03:00 | Индиана Пэйсерс – Лос-Анджелес Клипперс | 107 : 80
19.11.2010 04:00 | Орландо Мэджик – Финикс Санз | 105 : 89
19.11.2010 06:30 | Портленд Трэйл Блэйзерс – Денвер Наггетс | 86 : 83
20.11.2010 03:00 | Бостон Селтикс – Оклахома-Сити Тандер | 84 : 89
20.11.2010 03:00 | Филадельфия Сиксерс – Милуоки Бакс | 90 : 79
20.11.2010 03:00 | Торонто Рэпторс – Хьюстон Рокетс | 106 : 96
20.11.2010 03:00 | Вашингтон Уизардс – Мемфис Гриззлиз | 89 : 86
20.11.2010 03:30 | Майами Хит – Шарлотт Бобкэтс | 95 : 87
20.11.2010 04:00 | Миннесота Тимбервулвз – Лос-Анджелес Лейкерс | 95 : 112
20.11.2010 04:00 | Нью-Орлеан Хорнетс – Кливленд Кавальерс | 108 : 101
20.11.2010 05:00 | Юта Джаз – Сан-Антонио Спёрс | 82 : 94
20.11.2010 05:30 | Даллас Маверикс – Чикаго Буллз | 83 : 88
20.11.2010 06:00 | Сакраменто Кингз – Нью-Джерси Нетс | 86 : 81
20.11.2010 06:30 | Голден Стэйт Уорриорз – Нью-Йорк Никс | 119 : 125
21.11.2010 03:00 | Индиана Пэйсерс – Орландо Мэджик | 86 : 90
21.11.2010 03:00 | Шарлотт Бобкэтс – Финикс Санз | 123 : 105
21.11.2010 04:00 | Атланта Хоукс – Даллас Маверикс | 93 : 98
21.11.2010 04:00 | Мемфис Гриззлиз – Майами Хит | 97 : 95
21.11.2010 04:30 | Милуоки Бакс – Оклахома-Сити Тандер | 81 : 82
21.11.2010 04:30 | Сан-Антонио Спёрс – Кливленд Кавальерс | 116 : 92
21.11.2010 05:00 | Денвер Наггетс – Нью-Джерси Нетс | 107 : 103
21.11.2010 06:00 | Портленд Трэйл Блэйзерс – Юта Джаз | 94 : 103
21.11.2010 06:30 | Лос-Анджелес Клипперс – Нью-Йорк Никс | 115 : 124
21.11.2010 21:00 | Торонто Рэпторс – Бостон Селтикс | 102 : 101
22.11.2010 02:00 | Сакраменто Кингз – Нью-Орлеан Хорнетс | 71 : 75
22.11.2010 02:00 | Детройт Пистонс – Вашингтон Уизардс | 115 : 110 ОТ
22.11.2010 05:30 | Лос-Анджелес Лейкерс – Голден Стэйт Уорриорз | 117 : 89
23.11.2010 03:00 | Атланта Хоукс – Бостон Селтикс | 76 : 99
23.11.2010 03:30 | Майами Хит – Индиана Пэйсерс | 77 : 93
23.11.2010 04:00 | Оклахома-Сити Тандер – Миннесота Тимбервулвз | 117 : 107
23.11.2010 04:30 | Сан-Антонио Спёрс – Орландо Мэджик | 106 : 97
23.11.2010 04:30 | Хьюстон Рокетс – Финикс Санз | 116 : 123
23.11.2010 05:00 | Юта Джаз – Сакраменто Кингз | 94 : 83
23.11.2010 06:30 | Голден Стэйт Уорриорз – Денвер Наггетс | 89 : 106
23.11.2010 06:30 | Лос-Анджелес Клипперс – Нью-Орлеан Хорнетс | 99 : 95
24.11.2010 03:00 | Вашингтон Уизардс – Филадельфия Сиксерс | 116 : 114 ОТ
24.11.2010 03:00 | Индиана Пэйсерс – Кливленд Кавальерс | 100 : 89
24.11.2010 03:00 | Нью-Джерси Нетс – Атланта Хоукс | 107 : 101 ОТ
24.11.2010 03:30 | Нью-Йорк Никс – Шарлотт Бобкэтс | 110 : 107
24.11.2010 04:30 | Даллас Маверикс – Детройт Пистонс | 88 : 84
24.11.2010 06:30 | Лос-Анджелес Лейкерс – Чикаго Буллз | 98 : 91
25.11.2010 03:00 | Шарлотт Бобкэтс – Нью-Йорк Никс | 95 : 99
25.11.2010 03:00 | Кливленд Кавальерс – Милуоки Бакс | 83 : 81
25.11.2010 03:00 | Торонто Рэпторс – Филадельфия Сиксерс | 106 : 90
25.11.2010 03:30 | Бостон Селтикс – Нью-Джерси Нетс | 89 : 83
25.11.2010 03:30 | Орландо Мэджик – Майами Хит | 104 : 95
25.11.2010 04:00 | Оклахома-Сити Тандер – Даллас Маверикс | 103 : 111
25.11.2010 04:00 | Мемфис Гриззлиз – Детройт Пистонс | 105 : 84
25.11.2010 04:00 | Миннесота Тимбервулвз – Сан-Антонио Спёрс | 109 : 113 ОТ
25.11.2010 04:30 | Хьюстон Рокетс – Голден Стэйт Уорриорз | 111 : 101
25.11.2010 05:00 | Финикс Санз – Чикаго Буллз | 115 : 123 ОТ
25.11.2010 05:00 | Юта Джаз – Нью-Орлеан Хорнетс | 105 : 87
26.11.2010 04:00 | Атланта Хоукс – Вашингтон Уизардс | 116 : 96
26.11.2010 06:30 | Лос-Анджелес Клипперс – Сакраменто Кингз | 100 : 82
27.11.2010 03:00 | Орландо Мэджик – Кливленд Кавальерс | 111 : 100
27.11.2010 03:00 | Шарлотт Бобкэтс – Хьюстон Рокетс | 99 : 89
27.11.2010 03:30 | Майами Хит – Филадельфия Сиксерс | 99 : 90
27.11.2010 03:30 | Детройт Пистонс – Милуоки Бакс | 103 : 89
27.11.2010 03:30 | Бостон Селтикс – Торонто Рэпторс | 110 : 101
27.11.2010 04:00 | Индиана Пэйсерс – Оклахома-Сити Тандер | 106 : 110 ОТ
27.11.2010 04:30 | Сан-Антонио Спёрс – Даллас Маверикс | 94 : 103
27.11.2010 05:00 | Юта Джаз – Лос-Анджелес Лейкерс | 102 : 96
27.11.2010 05:00 | Финикс Санз – Лос-Анджелес Клипперс | 116 : 108
27.11.2010 05:00 | Денвер Наггетс – Чикаго Буллз | 98 : 97
27.11.2010 05:30 | Мемфис Гриззлиз – Голден Стэйт Уорриорз | 116 : 111
27.11.2010 06:00 | Портленд Трэйл Блэйзерс – Нью-Орлеан Хорнетс | 78 : 97
27.11.2010 21:00 | Нью-Йорк Никс – Атланта Хоукс | 90 : 99
28.11.2010 03:00 | Вашингтон Уизардс – Орландо Мэджик | 99 : 100
28.11.2010 03:30 | Филадельфия Сиксерс – Нью-Джерси Нетс | 102 : 86
28.11.2010 03:30 | Кливленд Кавальерс – Мемфис Гриззлиз | 92 : 86
28.11.2010 04:00 | Миннесота Тимбервулвз – Голден Стэйт Уорриорз | 94 : 104
28.11.2010 04:30 | Даллас Маверикс – Майами Хит | 106 : 95
28.11.2010 05:00 | Милуоки Бакс – Шарлотт Бобкэтс | 104 : 101
28.11.2010 06:00 | Сакраменто Кингз – Чикаго Буллз | 85 : 96
28.11.2010 21:00 | Торонто Рэпторс – Атланта Хоукс | 78 : 96
28.11.2010 21:30 | Детройт Пистонс – Нью-Йорк Никс | 116 : 125 ОТ
28.11.2010 23:00 | Нью-Орлеан Хорнетс – Сан-Антонио Спёрс | 95 : 109
28.11.2010 23:30 | Лос-Анджелес Клипперс – Юта Джаз | 97 : 109
29.11.2010 03:00 | Нью-Джерси Нетс – Портленд Трэйл Блэйзерс | 98 : 96
29.11.2010 03:00 | Хьюстон Рокетс – Оклахома-Сити Тандер | 99 : 98
29.11.2010 04:00 | Денвер Наггетс – Финикс Санз | 138 : 133
29.11.2010 05:30 | Лос-Анджелес Лейкерс – Индиана Пэйсерс | 92 : 95
30.11.2010 03:30 | Майами Хит – Вашингтон Уизардс | 105 : 94
30.11.2010 04:00 | Оклахома-Сити Тандер – Нью-Орлеан Хорнетс | 95 : 89
30.11.2010 04:30 | Даллас Маверикс – Хьюстон Рокетс | 101 : 91
30.11.2010 05:00 | Юта Джаз – Милуоки Бакс | 109 : 88
01.12.2010 03:00 | Филадельфия Сиксерс – Портленд Трэйл Блэйзерс | 88 : 79
01.12.2010 03:00 | Орландо Мэджик – Детройт Пистонс | 90 : 79
01.12.2010 03:00 | Кливленд Кавальерс – Бостон Селтикс | 87 : 106
01.12.2010 03:30 | Нью-Йорк Никс – Нью-Джерси Нетс | 111 : 100
01.12.2010 04:00 | Мемфис Гриззлиз – Лос-Анджелес Лейкерс | 98 : 96
01.12.2010 06:00 | Сакраменто Кингз – Индиана Пэйсерс | 98 : 107
01.12.2010 06:30 | Голден Стэйт Уорриорз – Сан-Антонио Спёрс | 98 : 118
02.12.2010 03:00 | Нью-Джерси Нетс – Оклахома-Сити Тандер | 120 : 123 ОТ
02.12.2010 03:00 | Торонто Рэпторс – Вашингтон Уизардс | 127 : 108
02.12.2010 03:00 | Атланта Хоукс – Мемфис Гриззлиз | 112 : 109
02.12.2010 03:30 | Майами Хит – Детройт Пистонс | 97 : 72
02.12.2010 03:30 | Бостон Селтикс – Портленд Трэйл Блэйзерс | 99 : 95
02.12.2010 04:00 | Чикаго Буллз – Орландо Мэджик | 78 : 107
02.12.2010 04:00 | Нью-Орлеан Хорнетс – Шарлотт Бобкэтс | 89 : 73
02.12.2010 04:30 | Даллас Маверикс – Миннесота Тимбервулвз | 100 : 86
02.12.2010 04:30 | Хьюстон Рокетс – Лос-Анджелес Лейкерс | 109 : 99
02.12.2010 05:00 | Юта Джаз – Индиана Пэйсерс | 110 : 88
02.12.2010 05:00 | Денвер Наггетс – Милуоки Бакс | 105 : 94
02.12.2010 06:30 | Лос-Анджелес Клипперс – Сан-Антонио Спёрс | 90 : 85
03.12.2010 04:00 | Кливленд Кавальерс – Майами Хит | 90 : 118
03.12.2010 06:30 | Голден Стэйт Уорриорз – Финикс Санз | 101 : 107
04.12.2010 03:00 | Шарлотт Бобкэтс – Нью-Джерси Нетс | 91 : 84 ОТ
04.12.2010 03:00 | Вашингтон Уизардс – Портленд Трэйл Блэйзерс | 83 : 79
04.12.2010 03:00 | Торонто Рэпторс – Оклахома-Сити Тандер | 111 : 99
04.12.2010 03:30 | Детройт Пистонс – Орландо Мэджик | 91 : 104
04.12.2010 03:30 | Атланта Хоукс – Филадельфия Сиксерс | 93 : 88
04.12.2010 04:00 | Нью-Орлеан Хорнетс – Нью-Йорк Никс | 92 : 100
04.12.2010 04:00 | Мемфис Гриззлиз – Хьюстон Рокетс | 111 : 127
04.12.2010 04:00 | Бостон Селтикс – Чикаго Буллз | 104 : 92
04.12.2010 04:30 | Сан-Антонио Спёрс – Миннесота Тимбервулвз | 107 : 101
04.12.2010 05:00 | Финикс Санз – Индиана Пэйсерс | 105 : 97
04.12.2010 05:00 | Денвер Наггетс – Лос-Анджелес Клипперс | 109 : 104
04.12.2010 06:30 | Лос-Анджелес Лейкерс – Сакраменто Кингз | 113 : 80
04.12.2010 06:30 | Юта Джаз – Даллас Маверикс | 81 : 93
05.12.2010 03:30 | Филадельфия Сиксерс – Шарлотт Бобкэтс | 109 : 91
05.12.2010 03:30 | Майами Хит – Атланта Хоукс | 89 : 77
05.12.2010 04:00 | Миннесота Тимбервулвз – Кливленд Кавальерс | 129 : 95
05.12.2010 04:00 | Чикаго Буллз – Хьюстон Рокетс | 119 : 116 ОТ
05.12.2010 04:30 | Милуоки Бакс – Орландо Мэджик | 96 : 85
05.12.2010 06:00 | Сакраменто Кингз – Даллас Маверикс | 103 : 105
05.12.2010 21:00 | Нью-Джерси Нетс – Бостон Селтикс | 75 : 100
05.12.2010 21:00 | Торонто Рэпторс – Нью-Йорк Никс | 99 : 116
06.12.2010 02:00 | Детройт Пистонс – Кливленд Кавальерс | 102 : 92
06.12.2010 03:00 | Оклахома-Сити Тандер – Голден Стэйт Уорриорз | 114 : 109
06.12.2010 03:00 | Сан-Антонио Спёрс – Нью-Орлеан Хорнетс | 109 : 84
06.12.2010 04:00 | Денвер Наггетс – Мемфис Гриззлиз | 108 : 107
06.12.2010 04:00 | Финикс Санз – Вашингтон Уизардс | 125 : 108
06.12.2010 05:00 | Портленд Трэйл Блэйзерс – Лос-Анджелес Клипперс | 100 : 91
07.12.2010 03:00 | Индиана Пэйсерс – Торонто Рэпторс | 124 : 100
07.12.2010 03:00 | Орландо Мэджик – Атланта Хоукс | 74 : 80
07.12.2010 03:30 | Нью-Йорк Никс – Миннесота Тимбервулвз | 121 : 114
07.12.2010 04:00 | Чикаго Буллз – Оклахома-Сити Тандер | 99 : 90
07.12.2010 04:00 | Милуоки Бакс – Майами Хит | 78 : 88
07.12.2010 05:00 | Юта Джаз – Мемфис Гриззлиз | 94 : 85
07.12.2010 06:30 | Лос-Анджелес Клипперс – Сакраменто Кингз | 98 : 91
08.12.2010 03:00 | Атланта Хоукс – Нью-Джерси Нетс | 116 : 101
08.12.2010 03:00 | Филадельфия Сиксерс – Кливленд Кавальерс | 117 : 97
08.12.2010 03:00 | Шарлотт Бобкэтс – Денвер Наггетс | 100 : 98
08.12.2010 04:30 | Хьюстон Рокетс – Детройт Пистонс | 97 : 83
08.12.2010 04:30 | Даллас Маверикс – Голден Стэйт Уорриорз | 105 : 100
08.12.2010 06:00 | Портленд Трэйл Блэйзерс – Финикс Санз | 106 : 99
08.12.2010 06:30 | Лос-Анджелес Лейкерс – Вашингтон Уизардс | 115 : 108
09.12.2010 03:00 | Кливленд Кавальерс – Чикаго Буллз | 83 : 88
09.12.2010 03:00 | Бостон Селтикс – Денвер Наггетс | 105 : 89
09.12.2010 03:30 | Нью-Йорк Никс – Торонто Рэпторс | 113 : 110
09.12.2010 04:00 | Нью-Орлеан Хорнетс – Детройт Пистонс | 93 : 74
09.12.2010 04:00 | Миннесота Тимбервулвз – Оклахома-Сити Тандер | 103 : 111
09.12.2010 04:00 | Милуоки Бакс – Индиана Пэйсерс | 97 : 95
09.12.2010 04:30 | Сан-Антонио Спёрс – Голден Стэйт Уорриорз | 111 : 94
09.12.2010 05:00 | Финикс Санз – Мемфис Гриззлиз | 98 : 104 ОТ
09.12.2010 05:00 | Юта Джаз – Майами Хит | 98 : 111
09.12.2010 06:00 | Сакраменто Кингз – Вашингтон Уизардс | 116 : 91
09.12.2010 06:30 | Лос-Анджелес Клипперс – Лос-Анджелес Лейкерс | 86 : 87
10.12.2010 04:00 | Филадельфия Сиксерс – Бостон Селтикс | 101 : 102
10.12.2010 04:30 | Даллас Маверикс – Нью-Джерси Нетс | 102 : 89
10.12.2010 06:30 | Портленд Трэйл Блэйзерс – Орландо Мэджик | 97 : 83
11.12.2010 03:00 | Индиана Пэйсерс – Шарлотт Бобкэтс | 100 : 92
11.12.2010 03:00 | Торонто Рэпторс – Денвер Наггетс | 116 : 123
11.12.2010 03:00 | Вашингтон Уизардс – Нью-Йорк Никс | 95 : 101
11.12.2010 04:00 | Чикаго Буллз – Лос-Анджелес Лейкерс | 88 : 84
11.12.2010 04:00 | Миннесота Тимбервулвз – Детройт Пистонс | 109 : 99
11.12.2010 04:00 | Нью-Орлеан Хорнетс – Оклахома-Сити Тандер | 92 : 97
11.12.2010 04:30 | Милуоки Бакс – Хьюстон Рокетс | 97 : 91
11.12.2010 04:30 | Сан-Антонио Спёрс – Атланта Хоукс | 108 : 92
11.12.2010 05:00 | Финикс Санз – Портленд Трэйл Блэйзерс | 94 : 101
11.12.2010 05:00 | Юта Джаз – Орландо Мэджик | 117 : 105
11.12.2010 06:30 | Голден Стэйт Уорриорз – Майами Хит | 84 : 106
11.12.2010 23:30 | Лос-Анджелес Клипперс – Мемфис Гриззлиз | 83 : 84
12.12.2010 03:00 | Атланта Хоукс – Индиана Пэйсерс | 97 : 83
12.12.2010 03:00 | Шарлотт Бобкэтс – Бостон Селтикс | 62 : 93
12.12.2010 03:30 | Детройт Пистонс – Торонто Рэпторс | 116 : 120
12.12.2010 04:00 | Чикаго Буллз – Миннесота Тимбервулвз | 113 : 82
12.12.2010 04:30 | Даллас Маверикс – Юта Джаз | 103 : 97
12.12.2010 04:30 | Хьюстон Рокетс – Кливленд Кавальерс | 110 : 95
12.12.2010 06:00 | Сакраменто Кингз – Майами Хит | 83 : 104
12.12.2010 20:00 | Нью-Йорк Никс – Денвер Наггетс | 129 : 125
12.12.2010 20:00 | Филадельфия Сиксерс – Нью-Орлеан Хорнетс | 88 : 70
12.12.2010 21:00 | Нью-Джерси Нетс – Лос-Анджелес Лейкерс | 92 : 99
12.12.2010 23:30 | Сан-Антонио Спёрс – Портленд Трэйл Блэйзерс | 95 : 78
13.12.2010 03:00 | Оклахома-Сити Тандер – Кливленд Кавальерс | 106 : 77
13.12.2010 05:30 | Лос-Анджелес Клипперс – Орландо Мэджик | 85 : 94
14.12.2010 03:30 | Майами Хит – Нью-Орлеан Хорнетс | 96 : 84
14.12.2010 04:00 | Мемфис Гриззлиз – Портленд Трэйл Блэйзерс | 86 : 73
14.12.2010 04:00 | Чикаго Буллз – Индиана Пэйсерс | 92 : 73
14.12.2010 04:30 | Даллас Маверикс – Милуоки Бакс | 99 : 103
14.12.2010 05:00 | Юта Джаз – Голден Стэйт Уорриорз | 108 : 95
15.12.2010 03:00 | Нью-Джерси Нетс – Филадельфия Сиксерс | 77 : 82
15.12.2010 03:00 | Шарлотт Бобкэтс – Торонто Рэпторс | 97 : 91
15.12.2010 03:00 | Вашингтон Уизардс – Лос-Анджелес Лейкерс | 89 : 103
15.12.2010 03:30 | Детройт Пистонс – Атланта Хоукс | 103 : 80
15.12.2010 04:30 | Хьюстон Рокетс – Сакраменто Кингз | 118 : 105
15.12.2010 05:00 | Денвер Наггетс – Орландо Мэджик | 111 : 94
15.12.2010 06:30 | Голден Стэйт Уорриорз – Миннесота Тимбервулвз | 108 : 99
16.12.2010 03:00 | Нью-Йорк Никс – Бостон Селтикс | 116 : 118
16.12.2010 03:00 | Индиана Пэйсерс – Лос-Анджелес Лейкерс | 94 : 109
16.12.2010 03:00 | Филадельфия Сиксерс – Лос-Анджелес Клипперс | 105 : 91
16.12.2010 03:00 | Торонто Рэпторс – Чикаго Буллз | 93 : 110
16.12.2010 03:30 | Майами Хит – Кливленд Кавальерс | 101 : 95
16.12.2010 04:00 | Мемфис Гриззлиз – Шарлотт Бобкэтс | 113 : 80
16.12.2010 04:00 | Нью-Орлеан Хорнетс – Сакраменто Кингз | 94 : 91
16.12.2010 04:00 | Оклахома-Сити Тандер – Хьюстон Рокетс | 117 : 105
16.12.2010 04:30 | Сан-Антонио Спёрс – Милуоки Бакс | 92 : 90
16.12.2010 05:00 | Финикс Санз – Миннесота Тимбервулвз | 128 : 122
16.12.2010 05:30 | Даллас Маверикс – Портленд Трэйл Блэйзерс | 103 : 98
17.12.2010 03:00 | Нью-Джерси Нетс – Вашингтон Уизардс | 97 : 89
17.12.2010 04:00 | Бостон Селтикс – Атланта Хоукс | 102 : 90
17.12.2010 06:30 | Денвер Наггетс – Сан-Антонио Спёрс | 112 : 113
18.12.2010 03:00 | Торонто Рэпторс – Нью-Джерси Нетс | 98 : 92
18.12.2010 03:00 | Нью-Йорк Никс – Майами Хит | 91 : 113
18.12.2010 03:00 | Филадельфия Сиксерс – Лос-Анджелес Лейкерс | 81 : 93
18.12.2010 03:00 | Индиана Пэйсерс – Кливленд Кавальерс | 108 : 99
18.12.2010 03:30 | Детройт Пистонс – Лос-Анджелес Клипперс | 88 : 109
18.12.2010 03:30 | Атланта Хоукс – Шарлотт Бобкэтс | 90 : 85
18.12.2010 04:00 | Оклахома-Сити Тандер – Сакраменто Кингз | 102 : 87
18.12.2010 04:00 | Нью-Орлеан Хорнетс – Юта Джаз | 100 : 71
18.12.2010 04:30 | Хьюстон Рокетс – Мемфис Гриззлиз | 103 : 87
18.12.2010 05:30 | Даллас Маверикс – Финикс Санз | 106 : 91
18.12.2010 06:00 | Портленд Трэйл Блэйзерс – Миннесота Тимбервулвз | 107 : 102
19.12.2010 03:00 | Вашингтон Уизардс – Майами Хит | 94 : 95
19.12.2010 03:00 | Орландо Мэджик – Филадельфия Сиксерс | 89 : 97
19.12.2010 03:30 | Кливленд Кавальерс – Нью-Йорк Никс | 109 : 102 ОТ
19.12.2010 04:00 | Чикаго Буллз – Лос-Анджелес Клипперс | 99 : 100
19.12.2010 04:30 | Сан-Антонио Спёрс – Мемфис Гриззлиз | 112 : 106 ОТ
19.12.2010 04:30 | Милуоки Бакс – Юта Джаз | 86 : 95
19.12.2010 05:00 | Денвер Наггетс – Миннесота Тимбервулвз | 115 : 113
19.12.2010 06:00 | Портленд Трэйл Блэйзерс – Голден Стэйт Уорриорз | 96 : 95
19.12.2010 21:00 | Нью-Джерси Нетс – Атланта Хоукс | 89 : 82
19.12.2010 21:00 | Торонто Рэпторс – Лос-Анджелес Лейкерс | 110 : 120
19.12.2010 21:00 | Бостон Селтикс – Индиана Пэйсерс | 99 : 88
20.12.2010 02:00 | Сакраменто Кингз – Хьюстон Рокетс | 93 : 102
20.12.2010 02:00 | Детройт Пистонс – Нью-Орлеан Хорнетс | 111 : 108 ОТ
20.12.2010 03:00 | Оклахома-Сити Тандер – Финикс Санз | 110 : 113
21.12.2010 03:00 | Атланта Хоукс – Орландо Мэджик | 91 : 81
21.12.2010 03:00 | Кливленд Кавальерс – Юта Джаз | 90 : 101
21.12.2010 03:00 | Индиана Пэйсерс – Нью-Орлеан Хорнетс | 94 : 93
21.12.2010 03:00 | Вашингтон Уизардс – Шарлотт Бобкэтс | 108 : 75
21.12.2010 03:30 | Майами Хит – Даллас Маверикс | 96 : 98
21.12.2010 04:30 | Сан-Антонио Спёрс – Финикс Санз | 118 : 110
21.12.2010 06:00 | Портленд Трэйл Блэйзерс – Милуоки Бакс | 106 : 80
21.12.2010 06:30 | Голден Стэйт Уорриорз – Хьюстон Рокетс | 112 : 121
21.12.2010 06:30 | Лос-Анджелес Клипперс – Миннесота Тимбервулвз | 113 : 90
22.12.2010 03:00 | Орландо Мэджик – Даллас Маверикс | 99 : 105
22.12.2010 03:00 | Шарлотт Бобкэтс – Оклахома-Сити Тандер | 81 : 99
22.12.2010 04:00 | Мемфис Гриззлиз – Нью-Джерси Нетс | 94 : 101
22.12.2010 04:00 | Чикаго Буллз – Филадельфия Сиксерс | 121 : 76
22.12.2010 06:00 | Сакраменто Кингз – Голден Стэйт Уорриорз | 109 : 117 ОТ
22.12.2010 06:30 | Лос-Анджелес Лейкерс – Милуоки Бакс | 79 : 98
23.12.2010 03:00 | Атланта Хоукс – Кливленд Кавальерс | 98 : 84
23.12.2010 03:00 | Вашингтон Уизардс – Чикаго Буллз | 80 : 87
23.12.2010 03:00 | Торонто Рэпторс – Детройт Пистонс | 93 : 115
23.12.2010 03:30 | Нью-Йорк Никс – Оклахома-Сити Тандер | 112 : 98
23.12.2010 03:30 | Бостон Селтикс – Филадельфия Сиксерс | 84 : 80
23.12.2010 04:00 | Миннесота Тимбервулвз – Юта Джаз | 107 : 112
23.12.2010 04:00 | Нью-Орлеан Хорнетс – Нью-Джерси Нетс | 105 : 91
23.12.2010 04:30 | Сан-Антонио Спёрс – Денвер Наггетс | 109 : 103
23.12.2010 06:30 | Лос-Анджелес Клипперс – Хьюстон Рокетс | 92 : 97
24.12.2010 04:00 | Орландо Мэджик – Сан-Антонио Спёрс | 123 : 101
24.12.2010 06:00 | Сакраменто Кингз – Милуоки Бакс | 79 : 84
24.12.2010 06:30 | Финикс Санз – Майами Хит | 83 : 95
25.12.2010 20:00 | Нью-Йорк Никс – Чикаго Буллз | 103 : 95
25.12.2010 22:30 | Орландо Мэджик – Бостон Селтикс | 86 : 78
26.12.2010 01:00 | Лос-Анджелес Лейкерс – Майами Хит | 80 : 96
26.12.2010 04:00 | Оклахома-Сити Тандер – Денвер Наггетс | 114 : 106
26.12.2010 06:30 | Голден Стэйт Уорриорз – Портленд Трэйл Блэйзерс | 109 : 102
26.12.2010 23:00 | Лос-Анджелес Клипперс – Финикс Санз | 108 : 103
27.12.2010 02:00 | Кливленд Кавальерс – Миннесота Тимбервулвз | 97 : 98
27.12.2010 02:00 | Детройт Пистонс – Чикаго Буллз | 92 : 95 ОТ
27.12.2010 03:00 | Нью-Орлеан Хорнетс – Атланта Хоукс | 93 : 86
27.12.2010 03:00 | Сан-Антонио Спёрс – Вашингтон Уизардс | 94 : 80
27.12.2010 03:00 | Индиана Пэйсерс – Мемфис Гриззлиз | 90 : 104
27.12.2010 04:00 | Денвер Наггетс – Филадельфия Сиксерс | 89 : 95
28.12.2010 03:00 | Нью-Джерси Нетс – Орландо Мэджик | 88 : 104
28.12.2010 03:00 | Шарлотт Бобкэтс – Детройт Пистонс | 105 : 100
28.12.2010 04:00 | Оклахома-Сити Тандер – Даллас Маверикс | 93 : 103
28.12.2010 04:00 | Миннесота Тимбервулвз – Нью-Орлеан Хорнетс | 113 : 98
28.12.2010 04:00 | Милуоки Бакс – Атланта Хоукс | 80 : 95
28.12.2010 04:00 | Мемфис Гриззлиз – Торонто Рэпторс | 96 : 85
28.12.2010 04:30 | Хьюстон Рокетс – Вашингтон Уизардс | 100 : 93
28.12.2010 05:00 | Юта Джаз – Портленд Трэйл Блэйзерс | 91 : 96
28.12.2010 06:00 | Сакраменто Кингз – Лос-Анджелес Клипперс | 99 : 100
28.12.2010 06:30 | Голден Стэйт Уорриорз – Филадельфия Сиксерс | 110 : 95
29.12.2010 03:00 | Кливленд Кавальерс – Орландо Мэджик | 95 : 110
29.12.2010 03:00 | Индиана Пэйсерс – Бостон Селтикс | 83 : 95
29.12.2010 03:30 | Майами Хит – Нью-Йорк Никс | 106 : 98
29.12.2010 04:00 | Чикаго Буллз – Милуоки Бакс | 90 : 77
29.12.2010 04:30 | Даллас Маверикс – Торонто Рэпторс | 76 : 84
29.12.2010 04:30 | Сан-Антонио Спёрс – Лос-Анджелес Лейкерс | 97 : 82
29.12.2010 05:00 | Денвер Наггетс – Портленд Трэйл Блэйзерс | 95 : 77
30.12.2010 03:00 | Атланта Хоукс – Голден Стэйт Уорриорз | 103 : 93
30.12.2010 03:00 | Шарлотт Бобкэтс – Кливленд Кавальерс | 101 : 92
30.12.2010 03:00 | Вашингтон Уизардс – Индиана Пэйсерс | 104 : 90
30.12.2010 03:30 | Детройт Пистонс – Бостон Селтикс | 104 : 92
30.12.2010 04:00 | Миннесота Тимбервулвз – Денвер Наггетс | 113 : 119
30.12.2010 04:00 | Нью-Орлеан Хорнетс – Лос-Анджелес Лейкерс | 88 : 103
30.12.2010 04:00 | Оклахома-Сити Тандер – Нью-Джерси Нетс | 114 : 93
30.12.2010 04:30 | Хьюстон Рокетс – Майами Хит | 119 : 125
30.12.2010 05:00 | Финикс Санз – Филадельфия Сиксерс | 110 : 123
30.12.2010 06:00 | Сакраменто Кингз – Мемфис Гриззлиз | 100 : 98
30.12.2010 06:30 | Лос-Анджелес Клипперс – Юта Джаз | 95 : 103
31.12.2010 03:00 | Орландо Мэджик – Нью-Йорк Никс | 112 : 103
31.12.2010 05:30 | Даллас Маверикс – Сан-Антонио Спёрс | 93 : 99
31.12.2010 06:00 | Портленд Трэйл Блэйзерс – Юта Джаз | 100 : 89
31.12.2010 23:00 | Шарлотт Бобкэтс – Голден Стэйт Уорриорз | 95 : 96
31.12.2010 23:00 | Чикаго Буллз – Нью-Джерси Нетс | 90 : 81
31.12.2010 23:00 | Индиана Пэйсерс – Вашингтон Уизардс | 95 : 86
31.12.2010 23:00 | Бостон Селтикс – Нью-Орлеан Хорнетс | 81 : 83
01.01.2011 03:00 | Хьюстон Рокетс – Торонто Рэпторс | 114 : 105
01.01.2011 04:00 | Оклахома-Сити Тандер – Атланта Хоукс | 103 : 94
01.01.2011 05:00 | Финикс Санз – Детройт Пистонс | 92 : 75
01.01.2011 06:30 | Лос-Анджелес Лейкерс – Филадельфия Сиксерс | 102 : 98
02.01.2011 03:00 | Чикаго Буллз – Кливленд Кавальерс | 100 : 91
02.01.2011 03:00 | Вашингтон Уизардс – Нью-Орлеан Хорнетс | 81 : 92
02.01.2011 03:30 | Майами Хит – Голден Стэйт Уорриорз | 114 : 107
02.01.2011 04:00 | Миннесота Тимбервулвз – Нью-Джерси Нетс | 103 : 88
02.01.2011 04:30 | Сан-Антонио Спёрс – Оклахома-Сити Тандер | 101 : 74
02.01.2011 05:00 | Денвер Наггетс – Сакраменто Кингз | 104 : 86
02.01.2011 05:00 | Милуоки Бакс – Даллас Маверикс | 99 : 87
02.01.2011 05:00 | Юта Джаз – Мемфис Гриззлиз | 98 : 92
02.01.2011 21:00 | Нью-Йорк Никс – Индиана Пэйсерс | 98 : 92
02.01.2011 23:30 | Лос-Анджелес Клипперс – Атланта Хоукс | 98 : 107
03.01.2011 02:00 | Торонто Рэпторс – Бостон Селтикс | 79 : 93
03.01.2011 03:00 | Кливленд Кавальерс – Даллас Маверикс | 95 : 104
03.01.2011 05:00 | Портленд Трэйл Блэйзерс – Хьюстон Рокетс | 100 : 85
03.01.2011 05:00 | Сакраменто Кингз – Финикс Санз | 94 : 89
03.01.2011 05:30 | Лос-Анджелес Лейкерс – Мемфис Гриззлиз | 85 : 104
04.01.2011 03:00 | Шарлотт Бобкэтс – Майами Хит | 82 : 96
04.01.2011 03:00 | Орландо Мэджик – Голден Стэйт Уорриорз | 110 : 90
04.01.2011 03:30 | Бостон Селтикс – Миннесота Тимбервулвз | 96 : 93
04.01.2011 04:00 | Нью-Орлеан Хорнетс – Филадельфия Сиксерс | 84 : 77
04.01.2011 05:00 | Денвер Наггетс – Хьюстон Рокетс | 113 : 106
04.01.2011 05:00 | Юта Джаз – Детройт Пистонс | 102 : 97
05.01.2011 03:30 | Майами Хит – Милуоки Бакс | 101 : 89
05.01.2011 03:30 | Нью-Йорк Никс – Сан-Антонио Спёрс | 128 : 115
05.01.2011 04:00 | Чикаго Буллз – Торонто Рэпторс | 111 : 91
05.01.2011 04:00 | Мемфис Гриззлиз – Оклахома-Сити Тандер | 110 : 105
05.01.2011 04:30 | Даллас Маверикс – Портленд Трэйл Блэйзерс | 84 : 81
05.01.2011 06:00 | Сакраменто Кингз – Атланта Хоукс | 102 : 108
05.01.2011 06:30 | Лос-Анджелес Лейкерс – Детройт Пистонс | 108 : 83
06.01.2011 03:00 | Филадельфия Сиксерс – Вашингтон Уизардс | 109 : 97
06.01.2011 03:00 | Нью-Джерси Нетс – Чикаго Буллз | 96 : 94
06.01.2011 03:00 | Кливленд Кавальерс – Торонто Рэпторс | 105 : 120
06.01.2011 03:00 | Орландо Мэджик – Милуоки Бакс | 97 : 87
06.01.2011 03:30 | Бостон Селтикс – Сан-Антонио Спёрс | 105 : 103
06.01.2011 04:00 | Миннесота Тимбервулвз – Шарлотт Бобкэтс | 105 : 108 ОТ
06.01.2011 04:00 | Нью-Орлеан Хорнетс – Голден Стэйт Уорриорз | 103 : 110
06.01.2011 04:30 | Хьюстон Рокетс – Портленд Трэйл Блэйзерс | 100 : 103
06.01.2011 05:00 | Юта Джаз – Атланта Хоукс | 87 : 110
06.01.2011 06:30 | Финикс Санз – Лос-Анджелес Лейкерс | 95 : 99
06.01.2011 06:30 | Лос-Анджелес Клипперс – Денвер Наггетс | 106 : 93
07.01.2011 04:00 | Даллас Маверикс – Оклахома-Сити Тандер | 95 : 99
07.01.2011 06:30 | Сакраменто Кингз – Денвер Наггетс | 122 : 102
08.01.2011 03:00 | Индиана Пэйсерс – Сан-Антонио Спёрс | 87 : 90
08.01.2011 03:00 | Филадельфия Сиксерс – Чикаго Буллз | 105 : 99
08.01.2011 03:00 | Вашингтон Уизардс – Нью-Джерси Нетс | 97 : 77
08.01.2011 03:30 | Бостон Селтикс – Торонто Рэпторс | 122 : 102
08.01.2011 04:00 | Миннесота Тимбервулвз – Портленд Трэйл Блэйзерс | 98 : 108
08.01.2011 04:00 | Орландо Мэджик – Хьюстон Рокетс | 110 : 95
08.01.2011 04:00 | Мемфис Гриззлиз – Юта Джаз | 110 : 99
08.01.2011 04:30 | Милуоки Бакс – Майами Хит | 95 : 101 ОТ
08.01.2011 06:30 | Лос-Анджелес Лейкерс – Нью-Орлеан Хорнетс | 101 : 97
08.01.2011 06:30 | Финикс Санз – Нью-Йорк Никс | 96 : 121
08.01.2011 06:30 | Голден Стэйт Уорриорз – Кливленд Кавальерс | 116 : 98
09.01.2011 03:00 | Атланта Хоукс – Индиана Пэйсерс | 108 : 93
09.01.2011 03:00 | Нью-Джерси Нетс – Милуоки Бакс | 92 : 115
09.01.2011 03:00 | Шарлотт Бобкэтс – Вашингтон Уизардс | 104 : 89
09.01.2011 03:30 | Детройт Пистонс – Филадельфия Сиксерс | 112 : 109 ОТ
09.01.2011 04:00 | Чикаго Буллз – Бостон Селтикс | 90 : 79
09.01.2011 04:00 | Оклахома-Сити Тандер – Мемфис Гриззлиз | 109 : 100
09.01.2011 04:30 | Даллас Маверикс – Орландо Мэджик | 107 : 117
09.01.2011 04:30 | Хьюстон Рокетс – Юта Джаз | 99 : 103 ОТ
09.01.2011 21:00 | Торонто Рэпторс – Сакраменто Кингз | 118 : 112
09.01.2011 23:30 | Лос-Анджелес Клипперс – Голден Стэйт Уорриорз | 105 : 91
10.01.2011 03:00 | Сан-Антонио Спёрс – Миннесота Тимбервулвз | 94 : 91
10.01.2011 04:00 | Финикс Санз – Кливленд Кавальерс | 108 : 100
10.01.2011 05:00 | Денвер Наггетс – Нью-Орлеан Хорнетс | 87 : 96
10.01.2011 05:00 | Портленд Трэйл Блэйзерс – Майами Хит | 100 : 107 ОТ
10.01.2011 05:30 | Лос-Анджелес Лейкерс – Нью-Йорк Никс | 109 : 87
11.01.2011 03:00 | Шарлотт Бобкэтс – Мемфис Гриззлиз | 96 : 82
11.01.2011 03:30 | Бостон Селтикс – Хьюстон Рокетс | 102 : 108
11.01.2011 04:00 | Чикаго Буллз – Детройт Пистонс | 95 : 82
12.01.2011 03:00 | Вашингтон Уизардс – Сакраменто Кингз | 136 : 133 ОТ
12.01.2011 03:00 | Филадельфия Сиксерс – Индиана Пэйсерс | 103 : 111
12.01.2011 04:00 | Миннесота Тимбервулвз – Сан-Антонио Спёрс | 96 : 107
12.01.2011 05:00 | Денвер Наггетс – Финикс Санз | 132 : 98
12.01.2011 06:00 | Портленд Трэйл Блэйзерс – Нью-Йорк Никс | 86 : 100
12.01.2011 06:30 | Лос-Анджелес Лейкерс – Кливленд Кавальерс | 112 : 57
13.01.2011 03:00 | Шарлотт Бобкэтс – Чикаго Буллз | 96 : 91
13.01.2011 03:00 | Индиана Пэйсерс – Даллас Маверикс | 102 : 89
13.01.2011 03:00 | Торонто Рэпторс – Атланта Хоукс | 101 : 104
13.01.2011 03:30 | Бостон Селтикс – Сакраменто Кингз | 119 : 95
13.01.2011 03:30 | Детройт Пистонс – Мемфис Гриззлиз | 99 : 107
13.01.2011 04:00 | Нью-Орлеан Хорнетс – Орландо Мэджик | 92 : 89 ОТ
13.01.2011 04:00 | Милуоки Бакс – Сан-Антонио Спёрс | 84 : 91
13.01.2011 04:30 | Хьюстон Рокетс – Оклахома-Сити Тандер | 112 : 118
13.01.2011 05:00 | Юта Джаз – Нью-Йорк Никс | 131 : 125
13.01.2011 05:00 | Финикс Санз – Нью-Джерси Нетс | 118 : 109 ОТ
13.01.2011 06:30 | Лос-Анджелес Клипперс – Майами Хит | 111 : 105
13.01.2011 06:30 | Голден Стэйт Уорриорз – Лос-Анджелес Лейкерс | 110 : 115
14.01.2011 04:00 | Оклахома-Сити Тандер – Орландо Мэджик | 125 : 124
14.01.2011 04:00 | Миннесота Тимбервулвз – Вашингтон Уизардс | 109 : 97
14.01.2011 06:30 | Денвер Наггетс – Майами Хит | 130 : 102
15.01.2011 03:00 | Индиана Пэйсерс – Чикаго Буллз | 86 : 99
15.01.2011 03:00 | Торонто Рэпторс – Детройт Пистонс | 95 : 101
15.01.2011 03:00 | Филадельфия Сиксерс – Милуоки Бакс | 95 : 94
15.01.2011 03:30 | Бостон Селтикс – Шарлотт Бобкэтс | 99 : 94
15.01.2011 03:30 | Нью-Йорк Никс – Сакраменто Кингз | 83 : 93
15.01.2011 04:00 | Сан-Антонио Спёрс – Даллас Маверикс | 101 : 89
15.01.2011 04:30 | Хьюстон Рокетс – Нью-Орлеан Хорнетс | 105 : 110 ОТ
15.01.2011 05:00 | Юта Джаз – Кливленд Кавальерс | 121 : 99
15.01.2011 06:30 | Лос-Анджелес Лейкерс – Нью-Джерси Нетс | 100 : 88
15.01.2011 06:30 | Финикс Санз – Портленд Трэйл Блэйзерс | 115 : 111
15.01.2011 06:30 | Голден Стэйт Уорриорз – Лос-Анджелес Клипперс | 122 : 112
16.01.2011 03:00 | Атланта Хоукс – Хьюстон Рокетс | 106 : 112
16.01.2011 03:00 | Шарлотт Бобкэтс – Нью-Орлеан Хорнетс | 81 : 88
16.01.2011 03:00 | Вашингтон Уизардс – Торонто Рэпторс | 98 : 95
16.01.2011 03:30 | Детройт Пистонс – Сакраменто Кингз | 110 : 106
16.01.2011 04:00 | Мемфис Гриззлиз – Даллас Маверикс | 89 : 70
16.01.2011 04:00 | Чикаго Буллз – Майами Хит | 99 : 96
16.01.2011 04:00 | Миннесота Тимбервулвз – Орландо Мэджик | 99 : 108
16.01.2011 05:00 | Денвер Наггетс – Кливленд Кавальерс | 127 : 99
16.01.2011 06:00 | Портленд Трэйл Блэйзерс – Нью-Джерси Нетс | 96 : 89
16.01.2011 23:30 | Лос-Анджелес Клипперс – Лос-Анджелес Лейкерс | 99 : 92
17.01.2011 05:00 | Сан-Антонио Спёрс – Денвер Наггетс | 110 : 97
17.01.2011 21:00 | Нью-Йорк Никс – Финикс Санз | 121 : 129
17.01.2011 21:00 | Мемфис Гриззлиз – Чикаго Буллз | 84 : 96
17.01.2011 21:00 | Вашингтон Уизардс – Юта Джаз | 108 : 101
17.01.2011 22:00 | Филадельфия Сиксерс – Шарлотт Бобкэтс | 96 : 92 ОТ
17.01.2011 23:00 | Хьюстон Рокетс – Милуоки Бакс | 93 : 84
17.01.2011 23:00 | Нью-Орлеан Хорнетс – Торонто Рэпторс | 85 : 81
17.01.2011 23:30 | Детройт Пистонс – Даллас Маверикс | 103 : 89
17.01.2011 23:30 | Лос-Анджелес Клипперс – Индиана Пэйсерс | 114 : 107
17.01.2011 23:55 | Голден Стэйт Уорриорз – Нью-Джерси Нетс | 109 : 100
17.01.2011 23:55 | Атланта Хоукс – Сакраменто Кингз | 100 : 98
18.01.2011 04:00 | Бостон Селтикс – Орландо Мэджик | 109 : 106
18.01.2011 06:00 | Портленд Трэйл Блэйзерс – Миннесота Тимбервулвз | 113 : 102
18.01.2011 06:30 | Лос-Анджелес Лейкерс – Оклахома-Сити Тандер | 101 : 94
19.01.2011 03:30 | Майами Хит – Атланта Хоукс | 89 : 93 ОТ
19.01.2011 04:00 | Чикаго Буллз – Шарлотт Бобкэтс | 82 : 83
20.01.2011 03:00 | Орландо Мэджик – Филадельфия Сиксерс | 99 : 98 ОТ
20.01.2011 03:00 | Нью-Джерси Нетс – Юта Джаз | 103 : 95
20.01.2011 03:00 | Кливленд Кавальерс – Финикс Санз | 98 : 106
20.01.2011 03:30 | Бостон Селтикс – Детройт Пистонс | 86 : 82
20.01.2011 04:00 | Милуоки Бакс – Вашингтон Уизардс | 100 : 87
20.01.2011 04:00 | Нью-Орлеан Хорнетс – Мемфис Гриззлиз | 103 : 102 ОТ
20.01.2011 04:30 | Хьюстон Рокетс – Нью-Йорк Никс | 104 : 89
20.01.2011 04:30 | Сан-Антонио Спёрс – Торонто Рэпторс | 104 : 95
20.01.2011 05:00 | Даллас Маверикс – Лос-Анджелес Лейкерс | 109 : 100
20.01.2011 05:00 | Денвер Наггетс – Оклахома-Сити Тандер | 112 : 107
20.01.2011 06:00 | Сакраменто Кингз – Портленд Трэйл Блэйзерс | 90 : 94 ОТ
20.01.2011 06:30 | Лос-Анджелес Клипперс – Миннесота Тимбервулвз | 126 : 111
20.01.2011 06:30 | Голден Стэйт Уорриорз – Индиана Пэйсерс | 110 : 108
21.01.2011 03:00 | Шарлотт Бобкэтс – Филадельфия Сиксерс | 100 : 97
21.01.2011 04:00 | Чикаго Буллз – Даллас Маверикс | 82 : 77
21.01.2011 06:30 | Портленд Трэйл Блэйзерс – Лос-Анджелес Клипперс | 108 : 93
22.01.2011 03:00 | Вашингтон Уизардс – Финикс Санз | 91 : 109
22.01.2011 03:00 | Нью-Джерси Нетс – Детройт Пистонс | 89 : 74
22.01.2011 03:00 | Орландо Мэджик – Торонто Рэпторс | 112 : 72
22.01.2011 03:30 | Атланта Хоукс – Нью-Орлеан Хорнетс | 59 : 100
22.01.2011 03:30 | Бостон Селтикс – Юта Джаз | 110 : 86
22.01.2011 03:30 | Кливленд Кавальерс – Милуоки Бакс | 88 : 102
22.01.2011 04:00 | Мемфис Гриззлиз – Хьюстон Рокетс | 115 : 110
22.01.2011 04:00 | Сан-Антонио Спёрс – Нью-Йорк Никс | 101 : 92
22.01.2011 06:30 | Денвер Наггетс – Лос-Анджелес Лейкерс | 97 : 107
22.01.2011 06:30 | Голден Стэйт Уорриорз – Сакраменто Кингз | 119 : 112 ОТ
23.01.2011 03:00 | Нью-Джерси Нетс – Даллас Маверикс | 86 : 87
23.01.2011 03:00 | Шарлотт Бобкэтс – Атланта Хоукс | 87 : 103
23.01.2011 03:00 | Вашингтон Уизардс – Бостон Селтикс | 85 : 83
23.01.2011 03:30 | Филадельфия Сиксерс – Юта Джаз | 96 : 85
23.01.2011 03:30 | Детройт Пистонс – Финикс Санз | 75 : 74
23.01.2011 03:30 | Майами Хит – Торонто Рэпторс | 120 : 103
23.01.2011 04:00 | Чикаго Буллз – Кливленд Кавальерс | 92 : 79
23.01.2011 04:00 | Нью-Орлеан Хорнетс – Сан-Антонио Спёрс | 96 : 72
23.01.2011 04:00 | Оклахома-Сити Тандер – Нью-Йорк Никс | 101 : 98
23.01.2011 04:30 | Хьюстон Рокетс – Орландо Мэджик | 104 : 118
23.01.2011 04:30 | Милуоки Бакс – Мемфис Гриззлиз | 81 : 94
23.01.2011 06:00 | Портленд Трэйл Блэйзерс – Индиана Пэйсерс | 97 : 92
23.01.2011 06:30 | Лос-Анджелес Клипперс – Голден Стэйт Уорриорз | 113 : 109
24.01.2011 04:00 | Денвер Наггетс – Индиана Пэйсерс | 121 : 107
25.01.2011 03:00 | Нью-Джерси Нетс – Кливленд Кавальерс | 103 : 101
25.01.2011 03:00 | Филадельфия Сиксерс – Финикс Санз | 105 : 95
25.01.2011 03:00 | Орландо Мэджик – Детройт Пистонс | 96 : 103
25.01.2011 03:00 | Торонто Рэпторс – Мемфис Гриззлиз | 98 : 100
25.01.2011 03:30 | Нью-Йорк Никс – Вашингтон Уизардс | 115 : 106
25.01.2011 04:00 | Миннесота Тимбервулвз – Хьюстон Рокетс | 125 : 129
25.01.2011 04:00 | Чикаго Буллз – Милуоки Бакс | 92 : 83
25.01.2011 04:00 | Нью-Орлеан Хорнетс – Оклахома-Сити Тандер | 91 : 89
25.01.2011 06:00 | Портленд Трэйл Блэйзерс – Сакраменто Кингз | 81 : 96
25.01.2011 06:30 | Голден Стэйт Уорриорз – Сан-Антонио Спёрс | 102 : 113
26.01.2011 03:00 | Вашингтон Уизардс – Денвер Наггетс | 109 : 120
26.01.2011 03:30 | Бостон Селтикс – Кливленд Кавальерс | 112 : 95
26.01.2011 04:30 | Даллас Маверикс – Лос-Анджелес Клипперс | 112 : 105
26.01.2011 06:00 | Сакраменто Кингз – Шарлотт Бобкэтс | 89 : 94
26.01.2011 06:30 | Лос-Анджелес Лейкерс – Юта Джаз | 120 : 91
27.01.2011 03:00 | Нью-Джерси Нетс – Мемфис Гриззлиз | 93 : 88
27.01.2011 03:00 | Индиана Пэйсерс – Орландо Мэджик | 96 : 111
27.01.2011 03:00 | Торонто Рэпторс – Филадельфия Сиксерс | 94 : 107
27.01.2011 03:30 | Детройт Пистонс – Денвер Наггетс | 100 : 109
27.01.2011 04:00 | Милуоки Бакс – Атланта Хоукс | 98 : 90
27.01.2011 04:00 | Миннесота Тимбервулвз – Оклахома-Сити Тандер | 117 : 118 ОТ
27.01.2011 04:30 | Хьюстон Рокетс – Лос-Анджелес Клипперс | 96 : 83
27.01.2011 05:00 | Финикс Санз – Шарлотт Бобкэтс | 107 : 114
27.01.2011 05:30 | Юта Джаз – Сан-Антонио Спёрс | 105 : 112
27.01.2011 06:30 | Голден Стэйт Уорриорз – Нью-Орлеан Хорнетс | 103 : 112
28.01.2011 04:00 | Нью-Йорк Никс – Майами Хит | 93 : 88
28.01.2011 04:30 | Даллас Маверикс – Хьюстон Рокетс | 111 : 106
28.01.2011 06:30 | Портленд Трэйл Блэйзерс – Бостон Селтикс | 78 : 88
29.01.2011 03:00 | Индиана Пэйсерс – Нью-Джерси Нетс | 124 : 92
29.01.2011 03:00 | Филадельфия Сиксерс – Мемфис Гриззлиз | 94 : 99
29.01.2011 03:00 | Торонто Рэпторс – Милуоки Бакс | 110 : 116 ОТ
29.01.2011 03:30 | Майами Хит – Детройт Пистонс | 88 : 87
29.01.2011 03:30 | Кливленд Кавальерс – Денвер Наггетс | 103 : 117
29.01.2011 03:30 | Атланта Хоукс – Нью-Йорк Никс | 111 : 102
29.01.2011 04:00 | Чикаго Буллз – Орландо Мэджик | 99 : 90
29.01.2011 04:00 | Оклахома-Сити Тандер – Вашингтон Уизардс | 124 : 117 ОТ
29.01.2011 05:00 | Юта Джаз – Миннесота Тимбервулвз | 108 : 100
29.01.2011 06:30 | Финикс Санз – Бостон Селтикс | 88 : 71
29.01.2011 06:30 | Голден Стэйт Уорриорз – Шарлотт Бобкэтс | 113 : 121 ОТ
29.01.2011 06:30 | Лос-Анджелес Лейкерс – Сакраменто Кингз | 95 : 100
30.01.2011 04:00 | Мемфис Гриззлиз – Вашингтон Уизардс | 107 : 93
30.01.2011 04:00 | Чикаго Буллз – Индиана Пэйсерс | 110 : 89
30.01.2011 04:00 | Миннесота Тимбервулвз – Торонто Рэпторс | 103 : 87
30.01.2011 04:30 | Даллас Маверикс – Атланта Хоукс | 102 : 91
30.01.2011 04:30 | Сан-Антонио Спёрс – Хьюстон Рокетс | 108 : 95
30.01.2011 04:30 | Милуоки Бакс – Нью-Джерси Нетс | 91 : 81
30.01.2011 06:00 | Сакраменто Кингз – Нью-Орлеан Хорнетс | 102 : 96
30.01.2011 06:30 | Лос-Анджелес Клипперс – Шарлотт Бобкэтс | 103 : 88
30.01.2011 21:00 | Оклахома-Сити Тандер – Майами Хит | 103 : 108
30.01.2011 23:30 | Лос-Анджелес Лейкерс – Бостон Селтикс | 96 : 109
31.01.2011 02:00 | Орландо Мэджик – Кливленд Кавальерс | 103 : 87
31.01.2011 02:00 | Филадельфия Сиксерс – Денвер Наггетс | 110 : 99
31.01.2011 03:30 | Нью-Йорк Никс – Детройт Пистонс | 124 : 106
31.01.2011 04:00 | Финикс Санз – Нью-Орлеан Хорнетс | 104 : 102
31.01.2011 06:00 | Голден Стэйт Уорриорз – Юта Джаз | 96 : 81
01.02.2011 03:00 | Индиана Пэйсерс – Торонто Рэпторс | 104 : 93
01.02.2011 03:00 | Нью-Джерси Нетс – Денвер Наггетс | 115 : 99
01.02.2011 03:30 | Майами Хит – Кливленд Кавальерс | 117 : 90
01.02.2011 04:00 | Мемфис Гриззлиз – Орландо Мэджик | 100 : 97
01.02.2011 04:30 | Даллас Маверикс – Вашингтон Уизардс | 102 : 92
01.02.2011 05:00 | Юта Джаз – Шарлотт Бобкэтс | 83 : 78
01.02.2011 06:30 | Лос-Анджелес Клипперс – Милуоки Бакс | 105 : 98
02.02.2011 04:00 | Нью-Орлеан Хорнетс – Вашингтон Уизардс | 97 : 89
02.02.2011 06:00 | Портленд Трэйл Блэйзерс – Сан-Антонио Спёрс | 99 : 86
02.02.2011 06:00 | Сакраменто Кингз – Бостон Селтикс | 90 : 95
02.02.2011 06:30 | Лос-Анджелес Лейкерс – Хьюстон Рокетс | 114 : 106 ОТ
03.02.2011 03:00 | Нью-Джерси Нетс – Филадельфия Сиксерс | 92 : 106
03.02.2011 03:00 | Кливленд Кавальерс – Индиана Пэйсерс | 112 : 117
03.02.2011 03:00 | Атланта Хоукс – Торонто Рэпторс | 100 : 87
03.02.2011 03:30 | Детройт Пистонс – Шарлотт Бобкэтс | 87 : 97
03.02.2011 03:30 | Нью-Йорк Никс – Даллас Маверикс | 97 : 113
03.02.2011 04:00 | Оклахома-Сити Тандер – Нью-Орлеан Хорнетс | 104 : 93
03.02.2011 04:00 | Миннесота Тимбервулвз – Мемфис Гриззлиз | 84 : 102
03.02.2011 05:00 | Денвер Наггетс – Портленд Трэйл Блэйзерс | 109 : 90
03.02.2011 05:00 | Финикс Санз – Милуоки Бакс | 92 : 77
03.02.2011 05:00 | Юта Джаз – Хьюстон Рокетс | 96 : 97
03.02.2011 06:30 | Лос-Анджелес Клипперс – Чикаго Буллз | 88 : 106
04.02.2011 04:00 | Орландо Мэджик – Майами Хит | 100 : 104
04.02.2011 06:30 | Голден Стэйт Уорриорз – Милуоки Бакс | 100 : 94
04.02.2011 06:30 | Лос-Анджелес Лейкерс – Сан-Антонио Спёрс | 88 : 89
05.02.2011 03:00 | Торонто Рэпторс – Миннесота Тимбервулвз | 111 : 100
05.02.2011 03:00 | Индиана Пэйсерс – Портленд Трэйл Блэйзерс | 100 : 87
05.02.2011 03:00 | Шарлотт Бобкэтс – Майами Хит | 97 : 109
05.02.2011 03:00 | Филадельфия Сиксерс – Нью-Йорк Никс | 100 : 98
05.02.2011 03:00 | Вашингтон Уизардс – Орландо Мэджик | 92 : 110
05.02.2011 03:30 | Атланта Хоукс – Лос-Анджелес Клипперс | 101 : 100
05.02.2011 03:30 | Детройт Пистонс – Нью-Джерси Нетс | 92 : 82
05.02.2011 04:00 | Бостон Селтикс – Даллас Маверикс | 97 : 101
05.02.2011 04:00 | Мемфис Гриззлиз – Кливленд Кавальерс | 112 : 105
05.02.2011 05:00 | Финикс Санз – Оклахома-Сити Тандер | 107 : 111
05.02.2011 06:00 | Сакраменто Кингз – Сан-Антонио Спёрс | 100 : 113
05.02.2011 06:30 | Денвер Наггетс – Юта Джаз | 106 : 113
06.02.2011 03:00 | Вашингтон Уизардс – Атланта Хоукс | 92 : 99
06.02.2011 03:00 | Шарлотт Бобкэтс – Даллас Маверикс | 92 : 101
06.02.2011 03:30 | Кливленд Кавальерс – Портленд Трэйл Блэйзерс | 105 : 111
06.02.2011 04:00 | Нью-Орлеан Хорнетс – Лос-Анджелес Лейкерс | 95 : 101
06.02.2011 04:30 | Хьюстон Рокетс – Мемфис Гриззлиз | 95 : 93 ОТ
06.02.2011 04:30 | Милуоки Бакс – Детройт Пистонс | 78 : 89
06.02.2011 04:30 | Миннесота Тимбервулвз – Денвер Наггетс | 100 : 113
06.02.2011 05:00 | Юта Джаз – Оклахома-Сити Тандер | 105 : 121
06.02.2011 06:30 | Голден Стэйт Уорриорз – Чикаго Буллз | 101 : 90
06.02.2011 20:00 | Нью-Джерси Нетс – Индиана Пэйсерс | 86 : 105
06.02.2011 20:00 | Майами Хит – Лос-Анджелес Клипперс | 97 : 79
06.02.2011 20:00 | Нью-Йорк Никс – Филадельфия Сиксерс | 117 : 103
06.02.2011 22:30 | Бостон Селтикс – Орландо Мэджик | 91 : 80
08.02.2011 03:00 | Шарлотт Бобкэтс – Бостон Селтикс | 94 : 89
08.02.2011 04:00 | Мемфис Гриззлиз – Лос-Анджелес Лейкерс | 84 : 93
08.02.2011 04:00 | Нью-Орлеан Хорнетс – Миннесота Тимбервулвз | 92 : 104
08.02.2011 04:30 | Даллас Маверикс – Кливленд Кавальерс | 99 : 96
08.02.2011 05:00 | Денвер Наггетс – Хьюстон Рокетс | 103 : 108
08.02.2011 06:00 | Сакраменто Кингз – Юта Джаз | 104 : 107
08.02.2011 06:00 | Портленд Трэйл Блэйзерс – Чикаго Буллз | 109 : 103
08.02.2011 06:30 | Голден Стэйт Уорриорз – Финикс Санз | 92 : 104
09.02.2011 03:00 | Атланта Хоукс – Филадельфия Сиксерс | 83 : 117
09.02.2011 03:00 | Орландо Мэджик – Лос-Анджелес Клипперс | 101 : 85
09.02.2011 03:30 | Майами Хит – Индиана Пэйсерс | 117 : 112
09.02.2011 03:30 | Детройт Пистонс – Сан-Антонио Спёрс | 89 : 100
09.02.2011 04:00 | Оклахома-Сити Тандер – Мемфис Гриззлиз | 101 : 105 ОТ
09.02.2011 04:00 | Милуоки Бакс – Торонто Рэпторс | 92 : 74
09.02.2011 04:30 | Хьюстон Рокетс – Миннесота Тимбервулвз | 108 : 112
10.02.2011 03:00 | Вашингтон Уизардс – Милуоки Бакс | 100 : 85
10.02.2011 03:00 | Нью-Джерси Нетс – Нью-Орлеан Хорнетс | 103 : 101 ОТ
10.02.2011 03:00 | Кливленд Кавальерс – Детройт Пистонс | 94 : 103
10.02.2011 03:00 | Индиана Пэйсерс – Шарлотт Бобкэтс | 104 : 103
10.02.2011 03:00 | Филадельфия Сиксерс – Орландо Мэджик | 95 : 99
10.02.2011 03:00 | Торонто Рэпторс – Сан-Антонио Спёрс | 100 : 111
10.02.2011 03:30 | Нью-Йорк Никс – Лос-Анджелес Клипперс | 108 : 116
10.02.2011 05:00 | Юта Джаз – Чикаго Буллз | 86 : 91
10.02.2011 06:00 | Сакраменто Кингз – Даллас Маверикс | 100 : 102
10.02.2011 06:30 | Голден Стэйт Уорриорз – Денвер Наггетс | 116 : 114
11.02.2011 04:00 | Бостон Селтикс – Лос-Анджелес Лейкерс | 86 : 92
11.02.2011 05:00 | Финикс Санз – Голден Стэйт Уорриорз | 112 : 88
11.02.2011 06:30 | Денвер Наггетс – Даллас Маверикс | 121 : 120
12.02.2011 03:00 | Шарлотт Бобкэтс – Нью-Джерси Нетс | 89 : 94
12.02.2011 03:00 | Индиана Пэйсерс – Миннесота Тимбервулвз | 116 : 105
12.02.2011 03:00 | Орландо Мэджик – Нью-Орлеан Хорнетс | 93 : 99
12.02.2011 03:00 | Филадельфия Сиксерс – Сан-Антонио Спёрс | 77 : 71
12.02.2011 03:00 | Торонто Рэпторс – Портленд Трэйл Блэйзерс | 96 : 102
12.02.2011 03:30 | Кливленд Кавальерс – Лос-Анджелес Клипперс | 126 : 119 ОТ
12.02.2011 03:30 | Детройт Пистонс – Майами Хит | 92 : 106
12.02.2011 04:00 | Нью-Йорк Никс – Лос-Анджелес Лейкерс | 96 : 113
12.02.2011 04:00 | Мемфис Гриззлиз – Милуоки Бакс | 89 : 86
12.02.2011 06:30 | Юта Джаз – Финикс Санз | 83 : 95
13.02.2011 03:00 | Нью-Джерси Нетс – Нью-Йорк Никс | 95 : 105
13.02.2011 03:00 | Атланта Хоукс – Шарлотт Бобкэтс | 86 : 88
13.02.2011 04:00 | Нью-Орлеан Хорнетс – Чикаго Буллз | 88 : 97
13.02.2011 04:00 | Вашингтон Уизардс – Сан-Антонио Спёрс | 94 : 118
13.02.2011 04:00 | Миннесота Тимбервулвз – Филадельфия Сиксерс | 87 : 107
13.02.2011 04:30 | Хьюстон Рокетс – Даллас Маверикс | 102 : 106
13.02.2011 04:30 | Милуоки Бакс – Индиана Пэйсерс | 97 : 103
13.02.2011 06:00 | Сакраменто Кингз – Оклахома-Сити Тандер | 97 : 99
13.02.2011 21:00 | Бостон Селтикс – Майами Хит | 85 : 82
13.02.2011 23:30 | Орландо Мэджик – Лос-Анджелес Лейкерс | 89 : 75
14.02.2011 02:00 | Кливленд Кавальерс – Вашингтон Уизардс | 100 : 115
14.02.2011 02:00 | Торонто Рэпторс – Лос-Анджелес Клипперс | 98 : 93
14.02.2011 02:00 | Мемфис Гриззлиз – Денвер Наггетс | 116 : 108
14.02.2011 02:00 | Детройт Пистонс – Портленд Трэйл Блэйзерс | 100 : 105
14.02.2011 04:00 | Финикс Санз – Сакраменто Кингз | 108 : 113
14.02.2011 04:00 | Голден Стэйт Уорриорз – Оклахома-Сити Тандер | 100 : 94
15.02.2011 03:00 | Шарлотт Бобкэтс – Лос-Анджелес Лейкерс | 109 : 89
15.02.2011 03:00 | Нью-Джерси Нетс – Сан-Антонио Спёрс | 85 : 102
15.02.2011 03:30 | Детройт Пистонс – Атланта Хоукс | 79 : 94
15.02.2011 04:00 | Милуоки Бакс – Лос-Анджелес Клипперс | 102 : 78
15.02.2011 04:00 | Миннесота Тимбервулвз – Портленд Трэйл Блэйзерс | 81 : 95
15.02.2011 04:30 | Хьюстон Рокетс – Денвер Наггетс | 121 : 102
16.02.2011 03:00 | Индиана Пэйсерс – Майами Хит | 103 : 110
16.02.2011 04:00 | Чикаго Буллз – Шарлотт Бобкэтс | 106 : 94
16.02.2011 04:00 | Мемфис Гриззлиз – Филадельфия Сиксерс | 102 : 91
16.02.2011 04:00 | Оклахома-Сити Тандер – Сакраменто Кингз | 126 : 96
16.02.2011 05:00 | Финикс Санз – Юта Джаз | 102 : 101
16.02.2011 06:30 | Голден Стэйт Уорриорз – Нью-Орлеан Хорнетс | 102 : 89
17.02.2011 03:00 | Орландо Мэджик – Вашингтон Уизардс | 101 : 76
17.02.2011 03:00 | Торонто Рэпторс – Майами Хит | 95 : 103
17.02.2011 03:30 | Бостон Селтикс – Нью-Джерси Нетс | 94 : 80
17.02.2011 03:30 | Кливленд Кавальерс – Лос-Анджелес Лейкерс | 104 : 99
17.02.2011 03:30 | Детройт Пистонс – Индиана Пэйсерс | 115 : 109 ОТ
17.02.2011 03:30 | Нью-Йорк Никс – Атланта Хоукс | 102 : 90
17.02.2011 04:00 | Миннесота Тимбервулвз – Лос-Анджелес Клипперс | 90 : 98
17.02.2011 04:30 | Даллас Маверикс – Сакраменто Кингз | 116 : 100
17.02.2011 04:30 | Хьюстон Рокетс – Филадельфия Сиксерс | 105 : 114
17.02.2011 05:00 | Милуоки Бакс – Денвер Наггетс | 87 : 94
17.02.2011 05:00 | Юта Джаз – Голден Стэйт Уорриорз | 100 : 107
17.02.2011 06:00 | Портленд Трэйл Блэйзерс – Нью-Орлеан Хорнетс | 103 : 96
18.02.2011 04:00 | Чикаго Буллз – Сан-Антонио Спёрс | 109 : 99
18.02.2011 06:30 | Финикс Санз – Даллас Маверикс | 106 : 112
23.02.2011 03:00 | Вашингтон Уизардс – Индиана Пэйсерс | 96 : 113
23.02.2011 03:00 | Шарлотт Бобкэтс – Торонто Рэпторс | 114 : 101
23.02.2011 03:30 | Майами Хит – Сакраменто Кингз | 117 : 97
23.02.2011 03:30 | Детройт Пистонс – Хьюстон Рокетс | 100 : 108
23.02.2011 04:00 | Оклахома-Сити Тандер – Лос-Анджелес Клипперс | 111 : 88
23.02.2011 04:00 | Милуоки Бакс – Миннесота Тимбервулвз | 94 : 88
23.02.2011 05:00 | Денвер Наггетс – Мемфис Гриззлиз | 120 : 107
23.02.2011 06:30 | Голден Стэйт Уорриорз – Бостон Селтикс | 93 : 115
23.02.2011 06:30 | Лос-Анджелес Лейкерс – Атланта Хоукс | 104 : 80
24.02.2011 03:00 | Филадельфия Сиксерс – Вашингтон Уизардс | 117 : 94
24.02.2011 03:00 | Кливленд Кавальерс – Хьюстон Рокетс | 119 : 124
24.02.2011 03:00 | Индиана Пэйсерс – Детройт Пистонс | 102 : 101
24.02.2011 03:00 | Орландо Мэджик – Сакраменто Кингз | 105 : 111
24.02.2011 03:00 | Торонто Рэпторс – Чикаго Буллз | 118 : 113
24.02.2011 03:00 | Сан-Антонио Спёрс – Оклахома-Сити Тандер | 109 : 105
24.02.2011 03:30 | Нью-Йорк Никс – Милуоки Бакс | 114 : 108
24.02.2011 04:00 | Миннесота Тимбервулвз – Мемфис Гриззлиз | 95 : 104
24.02.2011 04:30 | Даллас Маверикс – Юта Джаз | 118 : 99
24.02.2011 05:00 | Финикс Санз – Атланта Хоукс | 105 : 97
24.02.2011 05:30 | Нью-Орлеан Хорнетс – Лос-Анджелес Клипперс | 98 : 87
24.02.2011 06:30 | Портленд Трэйл Блэйзерс – Лос-Анджелес Лейкерс | 101 : 106 ОТ
25.02.2011 04:00 | Чикаго Буллз – Майами Хит | 93 : 89
25.02.2011 06:30 | Денвер Наггетс – Бостон Селтикс | 89 : 75
26.02.2011 03:00 | Индиана Пэйсерс – Юта Джаз | 84 : 95
26.02.2011 03:00 | Шарлотт Бобкэтс – Сакраменто Кингз | 110 : 98
26.02.2011 03:00 | Филадельфия Сиксерс – Детройт Пистонс | 110 : 94
26.02.2011 03:00 | Торонто Рэпторс – Финикс Санз | 92 : 110
26.02.2011 03:30 | Кливленд Кавальерс – Нью-Йорк Никс | 115 : 109
26.02.2011 03:30 | Майами Хит – Вашингтон Уизардс | 121 : 113
26.02.2011 04:00 | Миннесота Тимбервулвз – Нью-Орлеан Хорнетс | 81 : 95
26.02.2011 04:00 | Орландо Мэджик – Оклахома-Сити Тандер | 111 : 88
26.02.2011 04:30 | Сан-Антонио Спёрс – Нью-Джерси Нетс | 106 : 96
26.02.2011 06:30 | Голден Стэйт Уорриорз – Атланта Хоукс | 79 : 95
26.02.2011 06:30 | Портленд Трэйл Блэйзерс – Денвер Наггетс | 107 : 106 ОТ
26.02.2011 06:30 | Лос-Анджелес Лейкерс – Лос-Анджелес Клипперс | 108 : 95
27.02.2011 03:30 | Детройт Пистонс – Юта Джаз | 120 : 116
27.02.2011 04:00 | Мемфис Гриззлиз – Сакраменто Кингз | 120 : 92
27.02.2011 04:00 | Вашингтон Уизардс – Даллас Маверикс | 99 : 105
27.02.2011 04:30 | Милуоки Бакс – Чикаго Буллз | 75 : 83
27.02.2011 04:30 | Хьюстон Рокетс – Нью-Джерси Нетс | 123 : 108
27.02.2011 06:30 | Лос-Анджелес Клипперс – Бостон Селтикс | 92 : 99
27.02.2011 20:00 | Индиана Пэйсерс – Финикс Санз | 108 : 110 ОТ
27.02.2011 22:30 | Оклахома-Сити Тандер – Лос-Анджелес Лейкерс | 87 : 90
28.02.2011 01:00 | Миннесота Тимбервулвз – Голден Стэйт Уорриорз | 126 : 123
28.02.2011 01:00 | Кливленд Кавальерс – Филадельфия Сиксерс | 91 : 95
28.02.2011 02:00 | Торонто Рэпторс – Даллас Маверикс | 96 : 114
28.02.2011 02:00 | Орландо Мэджик – Шарлотт Бобкэтс | 100 : 86
28.02.2011 03:00 | Сан-Антонио Спёрс – Мемфис Гриззлиз | 95 : 88
28.02.2011 03:00 | Нью-Орлеан Хорнетс – Хьюстон Рокетс | 89 : 91
28.02.2011 04:00 | Майами Хит – Нью-Йорк Никс | 86 : 91
28.02.2011 06:30 | Портленд Трэйл Блэйзерс – Атланта Хоукс | 83 : 90
01.03.2011 03:00 | Вашингтон Уизардс – Чикаго Буллз | 77 : 105
01.03.2011 03:00 | Нью-Джерси Нетс – Финикс Санз | 103 : 104 ОТ
01.03.2011 05:00 | Денвер Наггетс – Атланта Хоукс | 100 : 90
01.03.2011 05:00 | Юта Джаз – Бостон Селтикс | 102 : 107
01.03.2011 06:00 | Сакраменто Кингз – Лос-Анджелес Клипперс | 105 : 99
02.03.2011 03:00 | Индиана Пэйсерс – Голден Стэйт Уорриорз | 109 : 100
02.03.2011 03:00 | Орландо Мэджик – Нью-Йорк Никс | 116 : 110
02.03.2011 03:00 | Филадельфия Сиксерс – Даллас Маверикс | 93 : 101
02.03.2011 03:00 | Торонто Рэпторс – Нью-Орлеан Хорнетс | 96 : 90
02.03.2011 04:00 | Мемфис Гриззлиз – Сан-Антонио Спёрс | 109 : 93
02.03.2011 04:00 | Милуоки Бакс – Детройт Пистонс | 92 : 90
02.03.2011 04:00 | Миннесота Тимбервулвз – Лос-Анджелес Лейкерс | 79 : 90
02.03.2011 06:00 | Портленд Трэйл Блэйзерс – Хьюстон Рокетс | 87 : 103
03.03.2011 03:00 | Вашингтон Уизардс – Голден Стэйт Уорриорз | 102 : 106
03.03.2011 03:00 | Атланта Хоукс – Чикаго Буллз | 83 : 80
03.03.2011 03:00 | Кливленд Кавальерс – Сан-Антонио Спёрс | 99 : 109
03.03.2011 03:30 | Нью-Йорк Никс – Нью-Орлеан Хорнетс | 107 : 88
03.03.2011 03:30 | Бостон Селтикс – Финикс Санз | 115 : 103
03.03.2011 03:30 | Детройт Пистонс – Миннесота Тимбервулвз | 105 : 116
03.03.2011 04:00 | Оклахома-Сити Тандер – Индиана Пэйсерс | 113 : 89
03.03.2011 05:00 | Денвер Наггетс – Шарлотт Бобкэтс | 120 : 80
03.03.2011 06:00 | Сакраменто Кингз – Портленд Трэйл Блэйзерс | 102 : 107
03.03.2011 06:30 | Лос-Анджелес Клипперс – Хьюстон Рокетс | 106 : 103
04.03.2011 04:00 | Майами Хит – Орландо Мэджик | 96 : 99
04.03.2011 06:30 | Юта Джаз – Денвер Наггетс | 101 : 103
04.03.2011 23:00 | Нью-Джерси Нетс – Торонто Рэпторс | 116 : 103
05.03.2011 03:00 | Орландо Мэджик – Чикаго Буллз | 81 : 89
05.03.2011 03:00 | Филадельфия Сиксерс – Миннесота Тимбервулвз | 111 : 100
05.03.2011 03:30 | Бостон Селтикс – Голден Стэйт Уорриорз | 107 : 103
05.03.2011 03:30 | Атланта Хоукс – Оклахома-Сити Тандер | 104 : 111
05.03.2011 03:30 | Нью-Йорк Никс – Кливленд Кавальерс | 115 : 119
05.03.2011 04:00 | Мемфис Гриззлиз – Нью-Орлеан Хорнетс | 91 : 98
05.03.2011 04:30 | Милуоки Бакс – Финикс Санз | 88 : 102
05.03.2011 04:30 | Даллас Маверикс – Индиана Пэйсерс | 116 : 108
05.03.2011 05:30 | Сан-Антонио Спёрс – Майами Хит | 125 : 95
05.03.2011 06:30 | Лос-Анджелес Лейкерс – Шарлотт Бобкэтс | 92 : 84
05.03.2011 23:00 | Нью-Джерси Нетс – Торонто Рэпторс | 137 : 136 ОТ
06.03.2011 03:00 | Вашингтон Уизардс – Миннесота Тимбервулвз | 103 : 96
06.03.2011 04:30 | Хьюстон Рокетс – Индиана Пэйсерс | 112 : 95
06.03.2011 05:00 | Юта Джаз – Сакраменто Кингз | 109 : 102 ОТ
06.03.2011 06:00 | Портленд Трэйл Блэйзерс – Шарлотт Бобкэтс | 93 : 69
06.03.2011 06:30 | Лос-Анджелес Клипперс – Денвер Наггетс | 100 : 94
06.03.2011 21:00 | Майами Хит – Чикаго Буллз | 86 : 87
06.03.2011 23:30 | Сан-Антонио Спёрс – Лос-Анджелес Лейкерс | 83 : 99
07.03.2011 02:00 | Детройт Пистонс – Вашингтон Уизардс | 113 : 102
07.03.2011 02:00 | Филадельфия Сиксерс – Голден Стэйт Уорриорз | 125 : 117 ОТ
07.03.2011 02:30 | Атланта Хоукс – Нью-Йорк Никс | 79 : 92
07.03.2011 02:30 | Кливленд Кавальерс – Нью-Орлеан Хорнетс | 81 : 96
07.03.2011 03:00 | Оклахома-Сити Тандер – Финикс Санз | 122 : 118 ОТ
07.03.2011 03:30 | Даллас Маверикс – Мемфис Гриззлиз | 103 : 104
07.03.2011 05:00 | Милуоки Бакс – Бостон Селтикс | 83 : 89
08.03.2011 03:00 | Орландо Мэджик – Портленд Трэйл Блэйзерс | 85 : 89
08.03.2011 03:00 | Шарлотт Бобкэтс – Лос-Анджелес Клипперс | 87 : 92
08.03.2011 03:30 | Нью-Йорк Никс – Юта Джаз | 131 : 109
08.03.2011 04:00 | Миннесота Тимбервулвз – Даллас Маверикс | 105 : 108
08.03.2011 04:00 | Мемфис Гриззлиз – Оклахома-Сити Тандер | 107 : 101
08.03.2011 04:00 | Чикаго Буллз – Нью-Орлеан Хорнетс | 85 : 77
08.03.2011 06:00 | Сакраменто Кингз – Хьюстон Рокетс | 101 : 123
09.03.2011 03:00 | Кливленд Кавальерс – Голден Стэйт Уорриорз | 85 : 95
09.03.2011 03:00 | Атланта Хоукс – Лос-Анджелес Лейкерс | 87 : 101
09.03.2011 03:00 | Индиана Пэйсерс – Филадельфия Сиксерс | 100 : 110
09.03.2011 03:00 | Вашингтон Уизардс – Милуоки Бакс | 76 : 95
09.03.2011 03:30 | Майами Хит – Портленд Трэйл Блэйзерс | 96 : 105
09.03.2011 05:00 | Финикс Санз – Хьюстон Рокетс | 113 : 110
10.03.2011 03:00 | Нью-Джерси Нетс – Голден Стэйт Уорриорз | 94 : 90
10.03.2011 03:00 | Шарлотт Бобкэтс – Чикаго Буллз | 84 : 101
10.03.2011 03:00 | Филадельфия Сиксерс – Оклахома-Сити Тандер | 105 : 110 ОТ
10.03.2011 03:00 | Торонто Рэпторс – Юта Джаз | 94 : 96
10.03.2011 03:30 | Бостон Селтикс – Лос-Анджелес Клипперс | 103 : 108
10.03.2011 04:00 | Мемфис Гриззлиз – Нью-Йорк Никс | 108 : 110
10.03.2011 04:00 | Милуоки Бакс – Кливленд Кавальерс | 110 : 90
10.03.2011 04:00 | Миннесота Тимбервулвз – Индиана Пэйсерс | 101 : 75
10.03.2011 04:00 | Нью-Орлеан Хорнетс – Даллас Маверикс | 93 : 92
10.03.2011 04:30 | Сан-Антонио Спёрс – Детройт Пистонс | 111 : 104
10.03.2011 06:00 | Сакраменто Кингз – Орландо Мэджик | 102 : 106
11.03.2011 03:00 | Майами Хит – Лос-Анджелес Лейкерс | 94 : 88
11.03.2011 05:30 | Даллас Маверикс – Нью-Йорк Никс | 127 : 109
11.03.2011 06:30 | Финикс Санз – Денвер Наггетс | 97 : 116
12.03.2011 03:00 | Нью-Джерси Нетс – Лос-Анджелес Клипперс | 102 : 98 ОТ
12.03.2011 03:00 | Филадельфия Сиксерс – Бостон Селтикс | 89 : 86
12.03.2011 03:00 | Торонто Рэпторс – Индиана Пэйсерс | 108 : 98
12.03.2011 03:00 | Шарлотт Бобкэтс – Портленд Трэйл Блэйзерс | 97 : 92
12.03.2011 04:00 | Чикаго Буллз – Атланта Хоукс | 94 : 76
12.03.2011 04:00 | Миннесота Тимбервулвз – Юта Джаз | 122 : 101
12.03.2011 04:00 | Оклахома-Сити Тандер – Детройт Пистонс | 104 : 94
12.03.2011 04:30 | Сан-Антонио Спёрс – Сакраменто Кингз | 108 : 103
12.03.2011 06:30 | Голден Стэйт Уорриорз – Орландо Мэджик | 123 : 120 ОТ
12.03.2011 23:30 | Майами Хит – Мемфис Гриззлиз | 118 : 85
13.03.2011 03:00 | Вашингтон Уизардс – Лос-Анджелес Клипперс | 101 : 122
13.03.2011 03:00 | Атланта Хоукс – Портленд Трэйл Блэйзерс | 91 : 82
13.03.2011 04:00 | Милуоки Бакс – Филадельфия Сиксерс | 102 : 74
13.03.2011 04:00 | Нью-Орлеан Хорнетс – Сакраменто Кингз | 115 : 103
13.03.2011 04:00 | Чикаго Буллз – Юта Джаз | 118 : 100
13.03.2011 04:30 | Хьюстон Рокетс – Сан-Антонио Спёрс | 107 : 115
13.03.2011 05:00 | Даллас Маверикс – Лос-Анджелес Лейкерс | 91 : 96
13.03.2011 05:00 | Денвер Наггетс – Детройт Пистонс | 131 : 101
13.03.2011 20:00 | Кливленд Кавальерс – Оклахома-Сити Тандер | 75 : 95
13.03.2011 20:00 | Торонто Рэпторс – Шарлотт Бобкэтс | 90 : 95
13.03.2011 22:30 | Финикс Санз – Орландо Мэджик | 88 : 111
14.03.2011 01:00 | Нью-Йорк Никс – Индиана Пэйсерс | 93 : 106
14.03.2011 01:00 | Бостон Селтикс – Милуоки Бакс | 87 : 56
14.03.2011 04:00 | Голден Стэйт Уорриорз – Миннесота Тимбервулвз | 100 : 77
15.03.2011 03:00 | Майами Хит – Сан-Антонио Спёрс | 110 : 80
15.03.2011 03:00 | Мемфис Гриззлиз – Лос-Анджелес Клипперс | 105 : 82
15.03.2011 03:00 | Нью-Орлеан Хорнетс – Денвер Наггетс | 103 : 114
15.03.2011 03:00 | Вашингтон Уизардс – Оклахома-Сити Тандер | 89 : 116
15.03.2011 03:00 | Нью-Джерси Нетс – Бостон Селтикс | 88 : 79
15.03.2011 03:30 | Хьюстон Рокетс – Финикс Санз | 95 : 93
15.03.2011 04:00 | Юта Джаз – Филадельфия Сиксерс | 112 : 107 ОТ
15.03.2011 05:00 | Сакраменто Кингз – Голден Стэйт Уорриорз | 129 : 119
15.03.2011 05:30 | Лос-Анджелес Лейкерс – Орландо Мэджик | 97 : 84
16.03.2011 03:00 | Атланта Хоукс – Милуоки Бакс | 110 : 85
16.03.2011 03:00 | Индиана Пэйсерс – Нью-Йорк Никс | 119 : 117
16.03.2011 03:00 | Чикаго Буллз – Вашингтон Уизардс | 98 : 79
16.03.2011 05:00 | Портленд Трэйл Блэйзерс – Даллас Маверикс | 104 : 101
17.03.2011 02:30 | Бостон Селтикс – Индиана Пэйсерс | 92 : 80
17.03.2011 02:30 | Детройт Пистонс – Торонто Рэпторс | 107 : 93
17.03.2011 03:00 | Атланта Хоукс – Денвер Наггетс | 87 : 102
17.03.2011 03:00 | Майами Хит – Оклахома-Сити Тандер | 85 : 96
17.03.2011 03:00 | Милуоки Бакс – Орландо Мэджик | 89 : 93 ОТ
17.03.2011 03:00 | Нью-Орлеан Хорнетс – Финикс Санз | 100 : 95
17.03.2011 03:30 | Хьюстон Рокетс – Шарлотт Бобкэтс | 94 : 78
17.03.2011 04:00 | Юта Джаз – Миннесота Тимбервулвз | 119 : 104
17.03.2011 05:00 | Сакраменто Кингз – Кливленд Кавальерс | 93 : 97
17.03.2011 05:30 | Лос-Анджелес Клипперс – Филадельфия Сиксерс | 94 : 104
17.03.2011 05:30 | Голден Стэйт Уорриорз – Даллас Маверикс | 106 : 112
18.03.2011 02:30 | Нью-Йорк Никс – Мемфис Гриззлиз | 120 : 99
18.03.2011 03:00 | Нью-Джерси Нетс – Чикаго Буллз | 73 : 84
18.03.2011 05:00 | Портленд Трэйл Блэйзерс – Кливленд Кавальерс | 111 : 70
19.03.2011 02:30 | Атланта Хоукс – Майами Хит | 85 : 106
19.03.2011 02:30 | Детройт Пистонс – Нью-Йорк Никс | 99 : 95
19.03.2011 03:00 | Индиана Пэйсерс – Чикаго Буллз | 115 : 108 ОТ
19.03.2011 03:00 | Орландо Мэджик – Денвер Наггетс | 85 : 82
19.03.2011 03:00 | Торонто Рэпторс – Вашингтон Уизардс | 116 : 107
19.03.2011 03:00 | Оклахома-Сити Тандер – Шарлотт Бобкэтс | 99 : 82
19.03.2011 03:30 | Даллас Маверикс – Сан-Антонио Спёрс | 91 : 97
19.03.2011 03:30 | Хьюстон Рокетс – Бостон Селтикс | 93 : 77
19.03.2011 03:30 | Милуоки Бакс – Нью-Джерси Нетс | 110 : 95
19.03.2011 05:00 | Финикс Санз – Голден Стэйт Уорриорз | 108 : 97
19.03.2011 05:00 | Сакраменто Кингз – Филадельфия Сиксерс | 80 : 102
19.03.2011 06:30 | Лос-Анджелес Лейкерс – Миннесота Тимбервулвз | 106 : 98
19.03.2011 22:30 | Лос-Анджелес Клипперс – Кливленд Кавальерс | 100 : 92
20.03.2011 02:30 | Майами Хит – Денвер Наггетс | 103 : 98
20.03.2011 03:00 | Мемфис Гриззлиз – Индиана Пэйсерс | 99 : 78
20.03.2011 03:00 | Нью-Орлеан Хорнетс – Бостон Селтикс | 85 : 89
20.03.2011 03:30 | Сан-Антонио Спёрс – Шарлотт Бобкэтс | 109 : 98
20.03.2011 05:00 | Портленд Трэйл Блэйзерс – Филадельфия Сиксерс | 110 : 101
20.03.2011 20:00 | Вашингтон Уизардс – Нью-Джерси Нетс | 98 : 92
20.03.2011 21:00 | Атланта Хоукс – Детройт Пистонс | 104 : 96
20.03.2011 22:00 | Милуоки Бакс – Нью-Йорк Никс | 100 : 95
20.03.2011 22:30 | Миннесота Тимбервулвз – Сакраменто Кингз | 95 : 127
20.03.2011 22:30 | Лос-Анджелес Клипперс – Финикс Санз | 99 : 108
21.03.2011 02:00 | Оклахома-Сити Тандер – Торонто Рэпторс | 93 : 95
21.03.2011 02:00 | Хьюстон Рокетс – Юта Джаз | 110 : 108
21.03.2011 02:30 | Даллас Маверикс – Голден Стэйт Уорриорз | 101 : 73
21.03.2011 04:30 | Лос-Анджелес Лейкерс – Портленд Трэйл Блэйзерс | 84 : 80
22.03.2011 02:30 | Нью-Йорк Никс – Бостон Селтикс | 86 : 96
22.03.2011 03:00 | Нью-Джерси Нетс – Индиана Пэйсерс | 98 : 102
22.03.2011 03:00 | Кливленд Кавальерс – Орландо Мэджик | 86 : 97
22.03.2011 03:00 | Чикаго Буллз – Сакраменто Кингз | 132 : 92
22.03.2011 03:00 | Мемфис Гриззлиз – Юта Джаз | 103 : 85
22.03.2011 03:30 | Сан-Антонио Спёрс – Голден Стэйт Уорриорз | 111 : 96
22.03.2011 04:00 | Денвер Наггетс – Торонто Рэпторс | 123 : 90
23.03.2011 03:00 | Атланта Хоукс – Чикаго Буллз | 81 : 114
23.03.2011 05:00 | Портленд Трэйл Блэйзерс – Вашингтон Уизардс | 111 : 76
23.03.2011 05:30 | Лос-Анджелес Лейкерс – Финикс Санз | 139 : 137 ОТ
24.03.2011 02:30 | Бостон Селтикс – Мемфис Гриззлиз | 87 : 90
24.03.2011 02:30 | Детройт Пистонс – Майами Хит | 94 : 100
24.03.2011 03:00 | Милуоки Бакс – Сакраменто Кингз | 90 : 97
24.03.2011 03:00 | Оклахома-Сити Тандер – Юта Джаз | 106 : 94
24.03.2011 03:00 | Нью-Йорк Никс – Орландо Мэджик | 99 : 111
24.03.2011 03:00 | Кливленд Кавальерс – Нью-Джерси Нетс | 94 : 98 ОТ
24.03.2011 03:00 | Филадельфия Сиксерс – Атланта Хоукс | 105 : 100
24.03.2011 03:00 | Шарлотт Бобкэтс – Индиана Пэйсерс | 88 : 111
24.03.2011 03:30 | Хьюстон Рокетс – Голден Стэйт Уорриорз | 131 : 112
24.03.2011 05:00 | Финикс Санз – Торонто Рэпторс | 114 : 106
24.03.2011 05:30 | Денвер Наггетс – Сан-Антонио Спёрс | 115 : 112
24.03.2011 05:30 | Лос-Анджелес Клипперс – Вашингтон Уизардс | 127 : 119 ОТ
25.03.2011 03:30 | Даллас Маверикс – Миннесота Тимбервулвз | 104 : 96
25.03.2011 04:00 | Юта Джаз – Нью-Орлеан Хорнетс | 117 : 121 ОТ
26.03.2011 02:30 | Кливленд Кавальерс – Детройт Пистонс | 97 : 91
26.03.2011 02:30 | Бостон Селтикс – Шарлотт Бобкэтс | 81 : 83
26.03.2011 02:30 | Майами Хит – Филадельфия Сиксерс | 111 : 99
26.03.2011 02:30 | Нью-Йорк Никс – Милуоки Бакс | 96 : 102
26.03.2011 03:00 | Индиана Пэйсерс – Сакраменто Кингз | 93 : 110
26.03.2011 03:00 | Орландо Мэджик – Нью-Джерси Нетс | 95 : 85
26.03.2011 03:00 | Чикаго Буллз – Мемфис Гриззлиз | 99 : 96
26.03.2011 03:00 | Оклахома-Сити Тандер – Миннесота Тимбервулвз | 111 : 103
26.03.2011 04:00 | Денвер Наггетс – Вашингтон Уизардс | 114 : 94
26.03.2011 05:00 | Портленд Трэйл Блэйзерс – Сан-Антонио Спёрс | 98 : 96
26.03.2011 05:00 | Финикс Санз – Нью-Орлеан Хорнетс | 100 : 106
26.03.2011 05:30 | Голден Стэйт Уорриорз – Торонто Рэпторс | 138 : 100
26.03.2011 05:30 | Лос-Анджелес Лейкерс – Лос-Анджелес Клипперс | 112 : 104
27.03.2011 03:00 | Шарлотт Бобкэтс – Нью-Йорк Никс | 114 : 106
27.03.2011 03:00 | Атланта Хоукс – Нью-Джерси Нетс | 98 : 87
27.03.2011 03:30 | Детройт Пистонс – Индиана Пэйсерс | 100 : 88
27.03.2011 04:30 | Милуоки Бакс – Чикаго Буллз | 87 : 95
27.03.2011 05:00 | Юта Джаз – Даллас Маверикс | 77 : 94
27.03.2011 06:30 | Лос-Анджелес Клипперс – Торонто Рэпторс | 94 : 90
27.03.2011 20:00 | Филадельфия Сиксерс – Сакраменто Кингз | 111 : 114 ОТ
28.03.2011 03:00 | Кливленд Кавальерс – Атланта Хоукс | 83 : 99
28.03.2011 03:00 | Майами Хит – Хьюстон Рокетс | 125 : 119
28.03.2011 03:00 | Мемфис Гриззлиз – Сан-Антонио Спёрс | 111 : 104
28.03.2011 03:00 | Миннесота Тимбервулвз – Бостон Селтикс | 82 : 85
28.03.2011 04:00 | Оклахома-Сити Тандер – Портленд Трэйл Блэйзерс | 99 : 90
28.03.2011 05:00 | Голден Стэйт Уорриорз – Вашингтон Уизардс | 114 : 104
28.03.2011 05:30 | Лос-Анджелес Лейкерс – Нью-Орлеан Хорнетс | 102 : 84
28.03.2011 07:30 | Финикс Санз – Даллас Маверикс | 83 : 91
29.03.2011 03:00 | Индиана Пэйсерс – Бостон Селтикс | 107 : 100
29.03.2011 03:00 | Шарлотт Бобкэтс – Милуоки Бакс | 87 : 86
29.03.2011 03:30 | Нью-Йорк Никс – Орландо Мэджик | 113 : 106 ОТ
29.03.2011 04:00 | Чикаго Буллз – Филадельфия Сиксерс | 85 : 97
29.03.2011 04:30 | Сан-Антонио Спёрс – Портленд Трэйл Блэйзерс | 92 : 100
29.03.2011 05:00 | Юта Джаз – Вашингтон Уизардс | 95 : 100 ОТ
30.03.2011 03:00 | Кливленд Кавальерс – Майами Хит | 102 : 90
30.03.2011 03:00 | Нью-Джерси Нетс – Хьюстон Рокетс | 87 : 112
30.03.2011 04:00 | Оклахома-Сити Тандер – Голден Стэйт Уорриорз | 115 : 114 ОТ
30.03.2011 06:00 | Сакраменто Кингз – Финикс Санз | 116 : 113
31.03.2011 03:00 | Торонто Рэпторс – Милуоки Бакс | 98 : 104
31.03.2011 03:00 | Вашингтон Уизардс – Майами Хит | 107 : 123
31.03.2011 03:00 | Шарлотт Бобкэтс – Кливленд Кавальерс | 98 : 97
31.03.2011 03:00 | Атланта Хоукс – Орландо Мэджик | 85 : 82
31.03.2011 03:00 | Индиана Пэйсерс – Детройт Пистонс | 111 : 101
31.03.2011 03:00 | Филадельфия Сиксерс – Хьюстон Рокетс | 108 : 97
31.03.2011 03:30 | Нью-Йорк Никс – Нью-Джерси Нетс | 120 : 116
31.03.2011 04:00 | Мемфис Гриззлиз – Голден Стэйт Уорриорз | 110 : 91
31.03.2011 04:00 | Миннесота Тимбервулвз – Чикаго Буллз | 91 : 108
31.03.2011 04:00 | Нью-Орлеан Хорнетс – Портленд Трэйл Блэйзерс | 95 : 91
31.03.2011 05:00 | Денвер Наггетс – Сакраменто Кингз | 104 : 90
31.03.2011 06:00 | Финикс Санз – Оклахома-Сити Тандер | 98 : 116
31.03.2011 06:30 | Лос-Анджелес Клипперс – Даллас Маверикс | 100 : 106
01.04.2011 04:00 | Сан-Антонио Спёрс – Бостон Селтикс | 97 : 107
01.04.2011 06:30 | Лос-Анджелес Лейкерс – Даллас Маверикс | 110 : 82
02.04.2011 03:00 | Индиана Пэйсерс – Милуоки Бакс | 89 : 88
02.04.2011 03:00 | Орландо Мэджик – Шарлотт Бобкэтс | 89 : 77
02.04.2011 03:00 | Филадельфия Сиксерс – Нью-Джерси Нетс | 115 : 90
02.04.2011 03:00 | Вашингтон Уизардс – Кливленд Кавальерс | 115 : 107
02.04.2011 03:30 | Детройт Пистонс – Чикаго Буллз | 96 : 101
02.04.2011 04:00 | Атланта Хоукс – Бостон Селтикс | 88 : 83
02.04.2011 04:00 | Миннесота Тимбервулвз – Майами Хит | 92 : 111
02.04.2011 04:00 | Нью-Орлеан Хорнетс – Мемфис Гриззлиз | 81 : 93
02.04.2011 04:30 | Хьюстон Рокетс – Сан-Антонио Спёрс | 119 : 114 ОТ
02.04.2011 06:00 | Финикс Санз – Лос-Анджелес Клипперс | 111 : 98
02.04.2011 06:00 | Портленд Трэйл Блэйзерс – Оклахома-Сити Тандер | 98 : 91
02.04.2011 06:00 | Сакраменто Кингз – Денвер Наггетс | 90 : 99
02.04.2011 06:30 | Юта Джаз – Лос-Анджелес Лейкерс | 85 : 96
03.04.2011 04:00 | Мемфис Гриззлиз – Миннесота Тимбервулвз | 106 : 89
03.04.2011 04:00 | Чикаго Буллз – Торонто Рэпторс | 113 : 106
03.04.2011 04:30 | Милуоки Бакс – Филадельфия Сиксерс | 93 : 87 ОТ
03.04.2011 06:30 | Голден Стэйт Уорриорз – Даллас Маверикс | 99 : 92
03.04.2011 06:30 | Лос-Анджелес Клипперс – Оклахома-Сити Тандер | 98 : 92
03.04.2011 21:00 | Сан-Антонио Спёрс – Финикс Санз | 114 : 97
03.04.2011 23:30 | Лос-Анджелес Лейкерс – Денвер Наггетс | 90 : 95
04.04.2011 02:00 | Сакраменто Кингз – Юта Джаз | 106 : 97
04.04.2011 02:00 | Нью-Йорк Никс – Кливленд Кавальерс | 123 : 107
04.04.2011 02:00 | Шарлотт Бобкэтс – Вашингтон Уизардс | 91 : 97
04.04.2011 02:00 | Бостон Селтикс – Детройт Пистонс | 101 : 90
04.04.2011 02:00 | Торонто Рэпторс – Орландо Мэджик | 102 : 98
04.04.2011 02:00 | Нью-Джерси Нетс – Майами Хит | 94 : 108
04.04.2011 03:00 | Нью-Орлеан Хорнетс – Индиана Пэйсерс | 108 : 96
04.04.2011 03:00 | Хьюстон Рокетс – Атланта Хоукс | 114 : 109
04.04.2011 05:00 | Портленд Трэйл Блэйзерс – Даллас Маверикс | 104 : 96
06.04.2011 03:00 | Кливленд Кавальерс – Шарлотт Бобкэтс | 99 : 89
06.04.2011 03:00 | Орландо Мэджик – Милуоки Бакс | 78 : 72
06.04.2011 03:00 | Вашингтон Уизардс – Детройт Пистонс | 107 : 105
06.04.2011 03:00 | Нью-Джерси Нетс – Миннесота Тимбервулвз | 107 : 105
06.04.2011 03:00 | Атланта Хоукс – Сан-Антонио Спёрс | 90 : 97
06.04.2011 03:30 | Бостон Селтикс – Филадельфия Сиксерс | 99 : 82
06.04.2011 03:30 | Нью-Йорк Никс – Торонто Рэпторс | 131 : 118
06.04.2011 04:00 | Мемфис Гриззлиз – Лос-Анджелес Клипперс | 81 : 82
06.04.2011 04:00 | Чикаго Буллз – Финикс Санз | 97 : 94
06.04.2011 04:30 | Хьюстон Рокетс – Сакраменто Кингз | 101 : 104
06.04.2011 05:00 | Денвер Наггетс – Оклахома-Сити Тандер | 94 : 101
06.04.2011 06:00 | Портленд Трэйл Блэйзерс – Голден Стэйт Уорриорз | 87 : 108
06.04.2011 06:30 | Лос-Анджелес Лейкерс – Юта Джаз | 85 : 86
07.04.2011 03:00 | Шарлотт Бобкэтс – Орландо Мэджик | 102 : 111 ОТ
07.04.2011 03:00 | Индиана Пэйсерс – Вашингтон Уизардс | 136 : 112
07.04.2011 03:00 | Торонто Рэпторс – Кливленд Кавальерс | 96 : 104
07.04.2011 03:00 | Филадельфия Сиксерс – Нью-Йорк Никс | 92 : 97
07.04.2011 03:30 | Детройт Пистонс – Нью-Джерси Нетс | 116 : 109
07.04.2011 04:00 | Нью-Орлеан Хорнетс – Хьюстон Рокетс | 101 : 93
07.04.2011 04:00 | Майами Хит – Милуоки Бакс | 85 : 90
07.04.2011 04:00 | Оклахома-Сити Тандер – Лос-Анджелес Клипперс | 112 : 108
07.04.2011 04:00 | Миннесота Тимбервулвз – Финикс Санз | 98 : 108
07.04.2011 04:30 | Сан-Антонио Спёрс – Сакраменто Кингз | 124 : 92
07.04.2011 04:30 | Даллас Маверикс – Денвер Наггетс | 96 : 104
07.04.2011 06:30 | Голден Стэйт Уорриорз – Лос-Анджелес Лейкерс | 95 : 87
08.04.2011 04:00 | Чикаго Буллз – Бостон Селтикс | 97 : 81
08.04.2011 06:30 | Юта Джаз – Портленд Трэйл Блэйзерс | 87 : 98
09.04.2011 03:00 | Индиана Пэйсерс – Атланта Хоукс | 114 : 102
09.04.2011 03:00 | Нью-Джерси Нетс – Нью-Йорк Никс | 93 : 116
09.04.2011 03:00 | Филадельфия Сиксерс – Торонто Рэпторс | 98 : 93
09.04.2011 03:30 | Детройт Пистонс – Милуоки Бакс | 110 : 100
09.04.2011 03:30 | Бостон Селтикс – Вашингтон Уизардс | 104 : 88
09.04.2011 03:30 | Кливленд Кавальерс – Чикаго Буллз | 82 : 93
09.04.2011 03:30 | Майами Хит – Шарлотт Бобкэтс | 112 : 103
09.04.2011 04:00 | Мемфис Гриззлиз – Сакраменто Кингз | 101 : 96
09.04.2011 04:00 | Нью-Орлеан Хорнетс – Финикс Санз | 109 : 97
09.04.2011 04:00 | Оклахома-Сити Тандер – Денвер Наггетс | 104 : 89
09.04.2011 04:30 | Даллас Маверикс – Лос-Анджелес Клипперс | 107 : 96
09.04.2011 06:00 | Портленд Трэйл Блэйзерс – Лос-Анджелес Лейкерс | 93 : 86
10.04.2011 03:00 | Вашингтон Уизардс – Атланта Хоукс | 115 : 83
10.04.2011 04:30 | Хьюстон Рокетс – Лос-Анджелес Клипперс | 99 : 78
10.04.2011 04:30 | Милуоки Бакс – Кливленд Кавальерс | 108 : 101
10.04.2011 04:30 | Сан-Антонио Спёрс – Юта Джаз | 111 : 102
10.04.2011 05:00 | Денвер Наггетс – Миннесота Тимбервулвз | 130 : 106
10.04.2011 21:00 | Орландо Мэджик – Чикаго Буллз | 99 : 102
10.04.2011 23:30 | Майами Хит – Бостон Селтикс | 100 : 77
11.04.2011 02:00 | Шарлотт Бобкэтс – Детройт Пистонс | 101 : 112
11.04.2011 02:00 | Торонто Рэпторс – Нью-Джерси Нетс | 99 : 92
11.04.2011 02:00 | Мемфис Гриззлиз – Нью-Орлеан Хорнетс | 111 : 89
11.04.2011 03:00 | Индиана Пэйсерс – Нью-Йорк Никс | 109 : 110
11.04.2011 03:30 | Даллас Маверикс – Финикс Санз | 115 : 90
11.04.2011 05:00 | Голден Стэйт Уорриорз – Сакраменто Кингз | 103 : 104
11.04.2011 05:30 | Лос-Анджелес Лейкерс – Оклахома-Сити Тандер | 106 : 120
12.04.2011 03:00 | Вашингтон Уизардс – Бостон Селтикс | 95 : 94 ОТ
12.04.2011 03:00 | Филадельфия Сиксерс – Орландо Мэджик | 85 : 95
12.04.2011 03:00 | Атланта Хоукс – Майами Хит | 90 : 98
12.04.2011 03:00 | Нью-Джерси Нетс – Шарлотт Бобкэтс | 103 : 105
12.04.2011 03:30 | Детройт Пистонс – Кливленд Кавальерс | 101 : 110
12.04.2011 04:00 | Милуоки Бакс – Торонто Рэпторс | 93 : 86
12.04.2011 04:00 | Нью-Орлеан Хорнетс – Юта Джаз | 78 : 90
12.04.2011 04:30 | Хьюстон Рокетс – Даллас Маверикс | 91 : 98 ОТ
12.04.2011 05:00 | Денвер Наггетс – Голден Стэйт Уорриорз | 134 : 111
12.04.2011 06:00 | Сакраменто Кингз – Оклахома-Сити Тандер | 112 : 120
12.04.2011 06:00 | Финикс Санз – Миннесота Тимбервулвз | 135 : 127 ОТ
13.04.2011 04:00 | Нью-Йорк Никс – Чикаго Буллз | 90 : 103
13.04.2011 06:00 | Портленд Трэйл Блэйзерс – Мемфис Гриззлиз | 102 : 89
13.04.2011 06:30 | Лос-Анджелес Лейкерс – Сан-Антонио Спёрс | 102 : 93
14.04.2011 04:00 | Орландо Мэджик – Индиана Пэйсерс | 92 : 74
14.04.2011 04:00 | Торонто Рэпторс – Майами Хит | 79 : 97
14.04.2011 04:00 | Чикаго Буллз – Нью-Джерси Нетс | 97 : 92
14.04.2011 04:00 | Кливленд Кавальерс – Вашингтон Уизардс | 100 : 93
14.04.2011 04:00 | Бостон Селтикс – Нью-Йорк Никс | 112 : 102
14.04.2011 04:00 | Оклахома-Сити Тандер – Милуоки Бакс | 106 : 110 ОТ
14.04.2011 04:00 | Шарлотт Бобкэтс – Атланта Хоукс | 96 : 85
14.04.2011 04:00 | Филадельфия Сиксерс – Детройт Пистонс | 100 : 104
14.04.2011 04:00 | Юта Джаз – Денвер Наггетс | 107 : 103
14.04.2011 04:00 | Даллас Маверикс – Нью-Орлеан Хорнетс | 121 : 89
14.04.2011 04:00 | Миннесота Тимбервулвз – Хьюстон Рокетс | 102 : 121
14.04.2011 06:30 | Сакраменто Кингз – Лос-Анджелес Лейкерс | 108 : 116 ОТ
14.04.2011 06:30 | Финикс Санз – Сан-Антонио Спёрс | 106 : 103
14.04.2011 06:30 | Голден Стэйт Уорриорз – Портленд Трэйл Блэйзерс | 110 : 86
14.04.2011 06:30 | Лос-Анджелес Клипперс – Мемфис Гриззлиз | 110 : 103